idhor;iddesserte;arriveetheorique;departtheorique;arrivee;depart;fiable;ts_maj;mnemoligne;nomligne;dest;codeparcours;ordre;mnemoarret;nomarret;numarret;coordonnees
268487224;269177089;2021-03-08T21:19:01+01:00;2021-03-08T21:19:01+01:00;2021-03-08T21:19:01+01:00;2021-03-08T21:19:01+01:00;T;2021-03-08T05:06:56+01:00;11;LAC MAINE <> STE GEMMES CL ANJOU;TEST NOIR;Rentrée L'Hoirie > CTB;0;LHOIRI-E;L'HOIRIE;7844;47.467078,-0.61832618
268487225;269177090;2021-03-08T21:38:00+01:00;2021-03-08T21:38:00+01:00;2021-03-08T21:38:00+01:00;2021-03-08T21:38:00+01:00;T;2021-03-08T05:06:56+01:00;11;LAC MAINE <> STE GEMMES CL ANJOU;TEST NOIR;Rentrée L'Hoirie > CTB;9400;RDCTB;DEPOT C T B;26006;47.495794,-0.56873426
268491811;270326273;2021-03-08T06:50:00+01:00;2021-03-08T06:50:00+01:00;2021-03-08T06:50:00+01:00;2021-03-08T06:50:00+01:00;T;2021-03-08T05:06:56+01:00;13;EXPRESS MONTREUIL <> GARES;PAS EN SERVICE;Sortie Voisin > Domaine du Val;0;DEP VOIS;DEPOT VOISIN;790167;47.474392,-0.34430627
268491817;270315525;2021-03-08T07:23:58+01:00;2021-03-08T07:23:58+01:00;2021-03-08T07:23:58+01:00;2021-03-08T07:23:58+01:00;T;2021-03-08T05:06:56+01:00;13;EXPRESS MONTREUIL <> GARES;LES GARES;DOMAINE DU VAL>LES GARES 9.0;1356;PISCJUIG;PISCINE C. MUFFAT;6185;47.534038,-0.61651686
268491827;270315535;2021-03-08T07:40:32+01:00;2021-03-08T07:40:32+01:00;2021-03-08T07:40:32+01:00;2021-03-08T07:40:32+01:00;T;2021-03-08T05:06:56+01:00;13;EXPRESS MONTREUIL <> GARES;LES GARES;DOMAINE DU VAL>LES GARES 9.0;9621;LECUIT;LECUIT;25536;47.489224,-0.56298423
268491829;270315537;2021-03-08T07:43:03+01:00;2021-03-08T07:43:03+01:00;2021-03-08T07:43:03+01:00;2021-03-08T07:43:03+01:00;T;2021-03-08T05:06:56+01:00;13;EXPRESS MONTREUIL <> GARES;LES GARES;DOMAINE DU VAL>LES GARES 9.0;10237;BARRA;BARRA;21480;47.483711,-0.56386577
268491832;270315540;2021-03-08T07:46:08+01:00;2021-03-08T07:46:08+01:00;2021-03-08T07:46:08+01:00;2021-03-08T07:46:08+01:00;T;2021-03-08T05:06:56+01:00;13;EXPRESS MONTREUIL <> GARES;LES GARES;DOMAINE DU VAL>LES GARES 9.0;10966;DESCAZEA;DESCAZEAUX;5599;47.477386,-0.5659243
268491834;270315542;2021-03-08T07:48:00+01:00;2021-03-08T07:48:00+01:00;2021-03-08T07:48:00+01:00;2021-03-08T07:48:00+01:00;T;2021-03-08T05:06:56+01:00;13;EXPRESS MONTREUIL <> GARES;LES GARES;DOMAINE DU VAL>LES GARES 9.0;11414;DUMESNIL;DUMESNIL;4581;47.473698,-0.56726326
268491838;270315546;2021-03-08T07:53:06+01:00;2021-03-08T07:53:06+01:00;2021-03-08T07:53:06+01:00;2021-03-08T07:53:06+01:00;T;2021-03-08T05:06:56+01:00;13;EXPRESS MONTREUIL <> GARES;LES GARES;DOMAINE DU VAL>LES GARES 9.0;12529;ACADEMIE;ACADEMIE;913399;47.467574,-0.55911098
268491841;270315549;2021-03-08T07:55:00+01:00;2021-03-08T07:55:00+01:00;2021-03-08T07:55:00+01:00;2021-03-08T07:55:00+01:00;T;2021-03-08T05:06:56+01:00;13;EXPRESS MONTREUIL <> GARES;LES GARES;DOMAINE DU VAL>LES GARES 9.0;13169;LESGARES;LES GARES;20210;47.465129,-0.55573935
268491848;270282503;2021-03-08T08:18:01+01:00;2021-03-08T08:18:01+01:00;2021-03-08T08:18:01+01:00;2021-03-08T08:18:01+01:00;T;2021-03-08T05:06:56+01:00;13;EXPRESS MONTREUIL <> GARES;MONTEUIL DOMAINE DU VAL;GARES PAPIN>DOMAINE VAL 9.0;1610;MONPR -E;PLACE MONPROFIT;15116;47.474556,-0.56715073
268491849;270282504;2021-03-08T08:19:06+01:00;2021-03-08T08:19:06+01:00;2021-03-08T08:19:06+01:00;2021-03-08T08:19:06+01:00;T;2021-03-08T05:06:56+01:00;13;EXPRESS MONTREUIL <> GARES;MONTEUIL DOMAINE DU VAL;GARES PAPIN>DOMAINE VAL 9.0;1874;DESCAZ-E;DESCAZEAUX;25148;47.476789,-0.5660378
268491851;270282506;2021-03-08T08:21:02+01:00;2021-03-08T08:21:02+01:00;2021-03-08T08:21:02+01:00;2021-03-08T08:21:02+01:00;T;2021-03-08T05:06:56+01:00;13;EXPRESS MONTREUIL <> GARES;MONTEUIL DOMAINE DU VAL;GARES PAPIN>DOMAINE VAL 9.0;2339;STTHER-E;STE THERESE;7404;47.480596,-0.56425374
268491852;270282507;2021-03-08T08:22:08+01:00;2021-03-08T08:22:08+01:00;2021-03-08T08:22:08+01:00;2021-03-08T08:22:08+01:00;T;2021-03-08T05:06:56+01:00;13;EXPRESS MONTREUIL <> GARES;MONTEUIL DOMAINE DU VAL;GARES PAPIN>DOMAINE VAL 9.0;2700;BARRA -E;BARRA;2442;47.483821,-0.56379209
268491856;270282511;2021-03-08T08:26:00+01:00;2021-03-08T08:26:00+01:00;2021-03-08T08:26:00+01:00;2021-03-08T08:26:00+01:00;T;2021-03-08T05:06:56+01:00;13;EXPRESS MONTREUIL <> GARES;MONTEUIL DOMAINE DU VAL;GARES PAPIN>DOMAINE VAL 9.0;3965;AQUAVITA;AQUA VITA;52941;47.493163,-0.56527054
268491857;270282512;2021-03-08T08:33:00+01:00;2021-03-08T08:33:00+01:00;2021-03-08T08:33:00+01:00;2021-03-08T08:33:00+01:00;T;2021-03-08T05:06:56+01:00;13;EXPRESS MONTREUIL <> GARES;MONTEUIL DOMAINE DU VAL;GARES PAPIN>DOMAINE VAL 9.0;9139;CHENOI-E;CHEMIN NOIR;903926;47.529527,-0.59100267
268491861;270282516;2021-03-08T08:36:27+01:00;2021-03-08T08:36:27+01:00;2021-03-08T08:36:27+01:00;2021-03-08T08:36:27+01:00;T;2021-03-08T05:06:56+01:00;13;EXPRESS MONTREUIL <> GARES;MONTEUIL DOMAINE DU VAL;GARES PAPIN>DOMAINE VAL 9.0;10578;BELAIR-E;BEL AIR;15243;47.529853,-0.6072873
268491862;270282517;2021-03-08T08:37:00+01:00;2021-03-08T08:37:00+01:00;2021-03-08T08:37:00+01:00;2021-03-08T08:37:00+01:00;T;2021-03-08T05:06:56+01:00;13;EXPRESS MONTREUIL <> GARES;MONTEUIL DOMAINE DU VAL;GARES PAPIN>DOMAINE VAL 9.0;10875;REPMON-E;REPUBLIQUE MONTREUIL;31175;47.528923,-0.61097019
268491863;270282518;2021-03-08T08:37:47+01:00;2021-03-08T08:37:47+01:00;2021-03-08T08:37:47+01:00;2021-03-08T08:37:47+01:00;T;2021-03-08T05:06:56+01:00;13;EXPRESS MONTREUIL <> GARES;MONTEUIL DOMAINE DU VAL;GARES PAPIN>DOMAINE VAL 9.0;11265;ANAFRA-E;ANATOLE FRANCE;882585;47.531353,-0.6137895
268491864;270282519;2021-03-08T08:38:41+01:00;2021-03-08T08:38:41+01:00;2021-03-08T08:38:41+01:00;2021-03-08T08:38:41+01:00;T;2021-03-08T05:06:56+01:00;13;EXPRESS MONTREUIL <> GARES;MONTEUIL DOMAINE DU VAL;GARES PAPIN>DOMAINE VAL 9.0;11645;PISCJU-E;PISCINE C. MUFFAT;6211;47.534198,-0.6165922
268491867;270282522;2021-03-08T08:41:14+01:00;2021-03-08T08:41:14+01:00;2021-03-08T08:41:14+01:00;2021-03-08T08:41:14+01:00;T;2021-03-08T05:06:56+01:00;13;EXPRESS MONTREUIL <> GARES;MONTEUIL DOMAINE DU VAL;GARES PAPIN>DOMAINE VAL 9.0;12665;BECK-E;BECKER;67197;47.538837,-0.62212674
268491868;270282523;2021-03-08T08:42:00+01:00;2021-03-08T08:42:00+01:00;2021-03-08T08:42:00+01:00;2021-03-08T08:42:00+01:00;T;2021-03-08T05:06:56+01:00;13;EXPRESS MONTREUIL <> GARES;MONTEUIL DOMAINE DU VAL;GARES PAPIN>DOMAINE VAL 9.0;12989;DOMVATER;DOMAINE DU VAL;266184;47.536652,-0.62484962
268491879;270315531;2021-03-08T08:56:15+01:00;2021-03-08T08:56:15+01:00;2021-03-08T08:56:15+01:00;2021-03-08T08:56:15+01:00;T;2021-03-08T05:06:56+01:00;13;EXPRESS MONTREUIL <> GARES;LES GARES;DOMAINE DU VAL>LES GARES 9.0;3585;JEHUEZ;JEAN HUEZ;13375;47.530737,-0.5940595
268491881;270315533;2021-03-08T09:03:00+01:00;2021-03-08T09:03:00+01:00;2021-03-08T09:03:00+01:00;2021-03-08T09:03:00+01:00;T;2021-03-08T05:06:56+01:00;13;EXPRESS MONTREUIL <> GARES;LES GARES;DOMAINE DU VAL>LES GARES 9.0;9092;VERNUIT;AQUAVITA sub;2307;47.493148,-0.56548224
268491884;270315536;2021-03-08T09:06:00+01:00;2021-03-08T09:06:00+01:00;2021-03-08T09:06:00+01:00;2021-03-08T09:06:00+01:00;T;2021-03-08T05:06:56+01:00;13;EXPRESS MONTREUIL <> GARES;LES GARES;DOMAINE DU VAL>LES GARES 9.0;9990;BLERIOT;BLERIOT;22166;47.485923,-0.56360119
268491886;270315538;2021-03-08T09:07:55+01:00;2021-03-08T09:07:55+01:00;2021-03-08T09:07:55+01:00;2021-03-08T09:07:55+01:00;T;2021-03-08T05:06:56+01:00;13;EXPRESS MONTREUIL <> GARES;LES GARES;DOMAINE DU VAL>LES GARES 9.0;10556;STTERESE;STE THERESE;2068;47.480848,-0.56425419
268492456;270393857;2021-03-08T11:51:00+01:00;2021-03-08T11:51:00+01:00;2021-03-08T11:51:00+01:00;2021-03-08T11:51:00+01:00;T;2021-03-08T05:06:56+01:00;15;EXPRESS CHANTOURTEAU <> GARES;PAS EN SERVICE;Sortie Voisin > Les Gares;0;DEP VOIS;DEPOT VOISIN;790167;47.474392,-0.34430627
268492464;270380551;2021-03-08T12:18:36+01:00;2021-03-08T12:18:36+01:00;2021-03-08T12:18:36+01:00;2021-03-08T12:18:36+01:00;T;2021-03-08T05:06:56+01:00;15;EXPRESS CHANTOURTEAU <> GARES;CHANTOURTEAU;GARES PAPIN>CHANTOURT 9.0;1483;POISSO-E;COEUR DE MAINE;16364;47.472555,-0.55680643
268492487;270380574;2021-03-08T12:41:00+01:00;2021-03-08T12:41:00+01:00;2021-03-08T12:41:00+01:00;2021-03-08T12:41:00+01:00;T;2021-03-08T05:06:56+01:00;15;EXPRESS CHANTOURTEAU <> GARES;CHANTOURTEAU;GARES PAPIN>CHANTOURT 9.0;14177;CHANT AR;CHANTOURTEAU;769363;47.406123,-0.62315569
268492489;270393090;2021-03-08T13:11:00+01:00;2021-03-08T13:11:00+01:00;2021-03-08T13:11:00+01:00;2021-03-08T13:11:00+01:00;T;2021-03-08T05:06:56+01:00;15;EXPRESS CHANTOURTEAU <> GARES;TEST NOIR;Rentrée Chantourteau > Voisin;27100;DEP VOIS;DEPOT VOISIN;790167;47.474392,-0.34430627
268492496;270348037;2021-03-08T14:02:48+01:00;2021-03-08T14:02:48+01:00;2021-03-08T14:02:48+01:00;2021-03-08T14:02:48+01:00;T;2021-03-08T05:06:56+01:00;15;EXPRESS CHANTOURTEAU <> GARES;LES GARES;CHANTOURTEAU > GARES 9.0;1449;PONTLAIT;PONT LAITIER;15506;47.413184,-0.61702332
268492508;270348049;2021-03-08T14:11:56+01:00;2021-03-08T14:11:56+01:00;2021-03-08T14:11:56+01:00;2021-03-08T14:11:56+01:00;T;2021-03-08T05:06:56+01:00;15;EXPRESS CHANTOURTEAU <> GARES;LES GARES;CHANTOURTEAU > GARES 9.0;6054;GRCPRUNI;GROUPE COMMERCIAL;24782;47.445755,-0.60591816
268492511;270348052;2021-03-08T14:14:49+01:00;2021-03-08T14:14:49+01:00;2021-03-08T14:14:49+01:00;2021-03-08T14:14:49+01:00;T;2021-03-08T05:06:56+01:00;15;EXPRESS CHANTOURTEAU <> GARES;LES GARES;CHANTOURTEAU > GARES 9.0;7825;CAMLACMA;LAC DE MAINE CAMPING;276;47.458132,-0.59704603
268492515;270348056;2021-03-08T14:22:08+01:00;2021-03-08T14:22:08+01:00;2021-03-08T14:22:08+01:00;2021-03-08T14:22:08+01:00;T;2021-03-08T05:06:56+01:00;15;EXPRESS CHANTOURTEAU <> GARES;LES GARES;CHANTOURTEAU > GARES 9.0;12301;POISSONN;COEUR DE MAINE;29689;47.472349,-0.55712711
268492524;270360834;2021-03-08T14:48:00+01:00;2021-03-08T14:48:00+01:00;2021-03-08T14:48:00+01:00;2021-03-08T14:48:00+01:00;T;2021-03-08T05:06:56+01:00;15;EXPRESS CHANTOURTEAU <> GARES;TEST NOIR;Rentrée Les Gares > Voisin;17900;DEP VOIS;DEPOT VOISIN;790167;47.474392,-0.34430627
268492530;270380548;2021-03-08T16:20:14+01:00;2021-03-08T16:20:14+01:00;2021-03-08T16:20:14+01:00;2021-03-08T16:20:14+01:00;T;2021-03-08T05:06:56+01:00;15;EXPRESS CHANTOURTEAU <> GARES;CHANTOURTEAU;GARES PAPIN>CHANTOURT 9.0;596;OFFTOURI;OFFICE DE TOURISME;26477;47.468858,-0.55815867
268492537;270380555;2021-03-08T16:33:33+01:00;2021-03-08T16:33:33+01:00;2021-03-08T16:33:33+01:00;2021-03-08T16:33:33+01:00;T;2021-03-08T05:06:56+01:00;15;EXPRESS CHANTOURTEAU <> GARES;CHANTOURTEAU;GARES PAPIN>CHANTOURT 9.0;6124;CAMLAC-E;LAC DE MAINE CAMPING;1059;47.457687,-0.59718081
268492540;270380558;2021-03-08T16:36:01+01:00;2021-03-08T16:36:01+01:00;2021-03-08T16:36:01+01:00;2021-03-08T16:36:01+01:00;T;2021-03-08T05:06:56+01:00;15;EXPRESS CHANTOURTEAU <> GARES;CHANTOURTEAU;GARES PAPIN>CHANTOURT 9.0;7839;GRCPRU-E;GROUPE COMMERCIAL;25729;47.445567,-0.60659774
268492543;270380561;2021-03-08T16:38:03+01:00;2021-03-08T16:38:03+01:00;2021-03-08T16:38:03+01:00;2021-03-08T16:38:03+01:00;T;2021-03-08T05:06:56+01:00;15;EXPRESS CHANTOURTEAU <> GARES;CHANTOURTEAU;GARES PAPIN>CHANTOURT 9.0;8909;LCHATA-E;CHATAIGNERAIE;28519;47.441235,-0.60775158
268492552;270380570;2021-03-08T16:46:17+01:00;2021-03-08T16:46:17+01:00;2021-03-08T16:46:17+01:00;2021-03-08T16:46:17+01:00;T;2021-03-08T05:06:56+01:00;15;EXPRESS CHANTOURTEAU <> GARES;CHANTOURTEAU;GARES PAPIN>CHANTOURT 9.0;12413;PONTLA-E;PONT LAITIER;16421;47.413181,-0.61715574
268492553;270380571;2021-03-08T16:47:12+01:00;2021-03-08T16:47:12+01:00;2021-03-08T16:47:12+01:00;2021-03-08T16:47:12+01:00;T;2021-03-08T05:06:56+01:00;15;EXPRESS CHANTOURTEAU <> GARES;CHANTOURTEAU;GARES PAPIN>CHANTOURT 9.0;12858;LAPOIN-E;LA POINTE;17596;47.409789,-0.62028281
268492555;270380573;2021-03-08T16:48:59+01:00;2021-03-08T16:48:59+01:00;2021-03-08T16:48:59+01:00;2021-03-08T16:48:59+01:00;T;2021-03-08T05:06:56+01:00;15;EXPRESS CHANTOURTEAU <> GARES;CHANTOURTEAU;GARES PAPIN>CHANTOURT 9.0;13529;VIGNES-E;LES VIGNES;19033;47.408527,-0.62629909
268492556;270380574;2021-03-08T16:50:00+01:00;2021-03-08T16:50:00+01:00;2021-03-08T16:50:00+01:00;2021-03-08T16:50:00+01:00;T;2021-03-08T05:06:56+01:00;15;EXPRESS CHANTOURTEAU <> GARES;CHANTOURTEAU;GARES PAPIN>CHANTOURT 9.0;14177;CHANT AR;CHANTOURTEAU;769363;47.406123,-0.62315569
268492567;270380553;2021-03-08T17:33:14+01:00;2021-03-08T17:33:14+01:00;2021-03-08T17:33:14+01:00;2021-03-08T17:33:14+01:00;T;2021-03-08T05:06:56+01:00;15;EXPRESS CHANTOURTEAU <> GARES;CHANTOURTEAU;GARES PAPIN>CHANTOURT 9.0;5372;LACACC-E;MAISON ENVIRONNEMENT;16598;47.464033,-0.59433147
268492570;270380556;2021-03-08T17:35:42+01:00;2021-03-08T17:35:42+01:00;2021-03-08T17:35:42+01:00;2021-03-08T17:35:42+01:00;T;2021-03-08T05:06:56+01:00;15;EXPRESS CHANTOURTEAU <> GARES;CHANTOURTEAU;GARES PAPIN>CHANTOURT 9.0;6951;CROISE-E;CROISETTE;29354;47.450901,-0.60036349
268492572;270380558;2021-03-08T17:37:01+01:00;2021-03-08T17:37:01+01:00;2021-03-08T17:37:01+01:00;2021-03-08T17:37:01+01:00;T;2021-03-08T05:06:56+01:00;15;EXPRESS CHANTOURTEAU <> GARES;CHANTOURTEAU;GARES PAPIN>CHANTOURT 9.0;7839;GRCPRU-E;GROUPE COMMERCIAL;25729;47.445567,-0.60659774
268492578;270380564;2021-03-08T17:42:03+01:00;2021-03-08T17:42:03+01:00;2021-03-08T17:42:03+01:00;2021-03-08T17:42:03+01:00;T;2021-03-08T05:06:56+01:00;15;EXPRESS CHANTOURTEAU <> GARES;CHANTOURTEAU;GARES PAPIN>CHANTOURT 9.0;10242;HAUBOU-E;HAUTS DE BOUCHEMAINE;4893;47.430476,-0.60958478
268492582;270380568;2021-03-08T17:45:35+01:00;2021-03-08T17:45:35+01:00;2021-03-08T17:45:35+01:00;2021-03-08T17:45:35+01:00;T;2021-03-08T05:06:56+01:00;15;EXPRESS CHANTOURTEAU <> GARES;CHANTOURTEAU;GARES PAPIN>CHANTOURT 9.0;11594;CAMPBO-E;CAMPING BOUCHEMAINE;13123;47.419254,-0.61160378
268492606;270380560;2021-03-08T18:37:27+01:00;2021-03-08T18:37:27+01:00;2021-03-08T18:37:27+01:00;2021-03-08T18:37:27+01:00;T;2021-03-08T05:06:56+01:00;15;EXPRESS CHANTOURTEAU <> GARES;CHANTOURTEAU;GARES PAPIN>CHANTOURT 9.0;8619;CLOSVIGN;CLOS VIGNE;17761;47.441543,-0.61120499
268492607;270380561;2021-03-08T18:38:03+01:00;2021-03-08T18:38:03+01:00;2021-03-08T18:38:03+01:00;2021-03-08T18:38:03+01:00;T;2021-03-08T05:06:56+01:00;15;EXPRESS CHANTOURTEAU <> GARES;CHANTOURTEAU;GARES PAPIN>CHANTOURT 9.0;8909;LCHATA-E;CHATAIGNERAIE;28519;47.441235,-0.60775158
268492609;270380563;2021-03-08T18:40:00+01:00;2021-03-08T18:40:00+01:00;2021-03-08T18:40:00+01:00;2021-03-08T18:40:00+01:00;T;2021-03-08T05:06:56+01:00;15;EXPRESS CHANTOURTEAU <> GARES;CHANTOURTEAU;GARES PAPIN>CHANTOURT 9.0;9857;ARTAUD-E;ARTAUD;14855;47.433315,-0.6108693
268492612;270380566;2021-03-08T18:42:14+01:00;2021-03-08T18:42:14+01:00;2021-03-08T18:42:14+01:00;2021-03-08T18:42:14+01:00;T;2021-03-08T05:06:56+01:00;15;EXPRESS CHANTOURTEAU <> GARES;CHANTOURTEAU;GARES PAPIN>CHANTOURT 9.0;10941;CHEVRI-E;CHEVRIERE;7832;47.423915,-0.60920886
268492614;270380568;2021-03-08T18:43:29+01:00;2021-03-08T18:43:29+01:00;2021-03-08T18:43:29+01:00;2021-03-08T18:43:29+01:00;T;2021-03-08T05:06:56+01:00;15;EXPRESS CHANTOURTEAU <> GARES;CHANTOURTEAU;GARES PAPIN>CHANTOURT 9.0;11594;CAMPBO-E;CAMPING BOUCHEMAINE;13123;47.419254,-0.61160378
268492622;270393090;2021-03-08T19:18:00+01:00;2021-03-08T19:18:00+01:00;2021-03-08T19:18:00+01:00;2021-03-08T19:18:00+01:00;T;2021-03-08T05:06:56+01:00;15;EXPRESS CHANTOURTEAU <> GARES;TEST NOIR;Rentrée Chantourteau > Voisin;27100;DEP VOIS;DEPOT VOISIN;790167;47.474392,-0.34430627
268492746;270440961;2021-03-08T06:40:00+01:00;2021-03-08T06:40:00+01:00;2021-03-08T06:40:00+01:00;2021-03-08T06:40:00+01:00;T;2021-03-08T05:06:56+01:00;30;SARRIGNE PLESSIS <> GARE;ANGERS;SARRIGNE > ANGERS HDV 3.1;0;SARRIDEP;SARRIGNE PLANTES;398822;47.502467,-0.37928276
268492748;270440963;2021-03-08T06:42:02+01:00;2021-03-08T06:42:02+01:00;2021-03-08T06:42:02+01:00;2021-03-08T06:42:02+01:00;T;2021-03-08T05:06:56+01:00;30;SARRIGNE PLESSIS <> GARE;ANGERS;SARRIGNE > ANGERS HDV 3.1;619;SARRCIME;SARRIGNE CIMETIERE;1249;47.501529,-0.38744279
268492749;270440964;2021-03-08T06:43:00+01:00;2021-03-08T06:43:00+01:00;2021-03-08T06:43:00+01:00;2021-03-08T06:43:00+01:00;T;2021-03-08T05:06:56+01:00;30;SARRIGNE PLESSIS <> GARE;ANGERS;SARRIGNE > ANGERS HDV 3.1;1201;BEDAUDIE;BEDAUDIERE;26883;47.501277,-0.39507999
268492751;270440966;2021-03-08T06:45:00+01:00;2021-03-08T06:45:00+01:00;2021-03-08T06:45:00+01:00;2021-03-08T06:45:00+01:00;T;2021-03-08T05:06:56+01:00;30;SARRIGNE PLESSIS <> GARE;ANGERS;SARRIGNE > ANGERS HDV 3.1;3639;QVENTS;QUATRE VENTS;4688;47.497229,-0.42084887
268492755;270440970;2021-03-08T06:51:00+01:00;2021-03-08T06:51:00+01:00;2021-03-08T06:51:00+01:00;2021-03-08T06:51:00+01:00;T;2021-03-08T05:06:56+01:00;30;SARRIGNE PLESSIS <> GARE;ANGERS;SARRIGNE > ANGERS HDV 3.1;6033;STGILLES;SAINT GILLES 30;17692;47.495169,-0.4321232
268492758;270440973;2021-03-08T06:55:00+01:00;2021-03-08T06:55:00+01:00;2021-03-08T06:55:00+01:00;2021-03-08T06:55:00+01:00;T;2021-03-08T05:06:56+01:00;30;SARRIGNE PLESSIS <> GARE;ANGERS;SARRIGNE > ANGERS HDV 3.1;8112;MERCIER;MERCIER;7042;47.492643,-0.45860409
268492761;270440976;2021-03-08T07:00:00+01:00;2021-03-08T07:00:00+01:00;2021-03-08T07:00:00+01:00;2021-03-08T07:00:00+01:00;T;2021-03-08T05:06:56+01:00;30;SARRIGNE PLESSIS <> GARE;ANGERS;SARRIGNE > ANGERS HDV 3.1;11737;BARONERI;ST AUBIN LA SALLE;30230;47.489418,-0.50317159
268492765;270440980;2021-03-08T07:05:00+01:00;2021-03-08T07:05:00+01:00;2021-03-08T07:05:00+01:00;2021-03-08T07:05:00+01:00;T;2021-03-08T05:06:56+01:00;30;SARRIGNE PLESSIS <> GARE;ANGERS;SARRIGNE > ANGERS HDV 3.1;13967;BRISEPOT;BRISEPOTIERE;2222;47.479453,-0.52733485
268492766;270440981;2021-03-08T07:07:00+01:00;2021-03-08T07:07:00+01:00;2021-03-08T07:07:00+01:00;2021-03-08T07:07:00+01:00;T;2021-03-08T05:06:56+01:00;30;SARRIGNE PLESSIS <> GARE;ANGERS;SARRIGNE > ANGERS HDV 3.1;14645;LUTIN;LUTIN;32534;47.475723,-0.53438288
268492798;270440455;2021-03-08T06:57:02+01:00;2021-03-08T06:57:02+01:00;2021-03-08T06:57:02+01:00;2021-03-08T06:57:02+01:00;T;2021-03-08T05:06:56+01:00;30;SARRIGNE PLESSIS <> GARE;ANGERS;BAUNE CENTRE > ANGERS HDV 3.;5590;SARRCIME;SARRIGNE CIMETIERE;1249;47.501529,-0.38744279
268492803;270440460;2021-03-08T07:03:00+01:00;2021-03-08T07:03:00+01:00;2021-03-08T07:03:00+01:00;2021-03-08T07:03:00+01:00;T;2021-03-08T05:06:56+01:00;30;SARRIGNE PLESSIS <> GARE;ANGERS;BAUNE CENTRE > ANGERS HDV 3.;9880;MPLAISIR;MONPLAISIR PLESSIS;9967;47.499415,-0.43031206
268492806;270440463;2021-03-08T07:07:00+01:00;2021-03-08T07:07:00+01:00;2021-03-08T07:07:00+01:00;2021-03-08T07:07:00+01:00;T;2021-03-08T05:06:56+01:00;30;SARRIGNE PLESSIS <> GARE;ANGERS;BAUNE CENTRE > ANGERS HDV 3.;11390;BEAULIEU;BEAULIEU;4126;47.495493,-0.43702716
268492809;270440466;2021-03-08T07:12:00+01:00;2021-03-08T07:12:00+01:00;2021-03-08T07:12:00+01:00;2021-03-08T07:12:00+01:00;T;2021-03-08T05:06:56+01:00;30;SARRIGNE PLESSIS <> GARE;ANGERS;BAUNE CENTRE > ANGERS HDV 3.;14232;EDF;BERGERIE;6009;47.487457,-0.47134463
268492812;270440469;2021-03-08T07:16:00+01:00;2021-03-08T07:16:00+01:00;2021-03-08T07:16:00+01:00;2021-03-08T07:16:00+01:00;T;2021-03-08T05:06:56+01:00;30;SARRIGNE PLESSIS <> GARE;ANGERS;BAUNE CENTRE > ANGERS HDV 3.;17105;RTEPARIS;ROUTE DE PARIS;17574;47.489566,-0.50811937
268492814;270440471;2021-03-08T07:19:00+01:00;2021-03-08T07:19:00+01:00;2021-03-08T07:19:00+01:00;2021-03-08T07:19:00+01:00;T;2021-03-08T05:06:56+01:00;30;SARRIGNE PLESSIS <> GARE;ANGERS;BAUNE CENTRE > ANGERS HDV 3.;18348;CHATENAY;CHATENAY;2146;47.48272,-0.52116387
268493028;270407937;2021-03-08T18:24:00+01:00;2021-03-08T18:24:00+01:00;2021-03-08T18:24:00+01:00;2021-03-08T18:24:00+01:00;T;2021-03-08T05:06:56+01:00;30;SARRIGNE PLESSIS <> GARE;SARRIGNE;ANGERS > BAUNE CENTRE 3.1;0;HDVMEP;HDV Mise en Place;334331;47.471363,-0.54687838
268493033;270407942;2021-03-08T18:40:00+01:00;2021-03-08T18:40:00+01:00;2021-03-08T18:40:00+01:00;2021-03-08T18:40:00+01:00;T;2021-03-08T05:06:56+01:00;30;SARRIGNE PLESSIS <> GARE;SARRIGNE;ANGERS > BAUNE CENTRE 3.1;2394;CHATEN-E;CHATENAY;2767;47.482539,-0.52118074
268493034;270407943;2021-03-08T18:42:00+01:00;2021-03-08T18:42:00+01:00;2021-03-08T18:42:00+01:00;2021-03-08T18:42:00+01:00;T;2021-03-08T05:06:56+01:00;30;SARRIGNE PLESSIS <> GARE;SARRIGNE;ANGERS > BAUNE CENTRE 3.1;2975;SEPSON-E;SEPT SONNETTES;26591;47.485759,-0.51507293
268493037;270407946;2021-03-08T18:47:00+01:00;2021-03-08T18:47:00+01:00;2021-03-08T18:47:00+01:00;2021-03-08T18:47:00+01:00;T;2021-03-08T05:06:56+01:00;30;SARRIGNE PLESSIS <> GARE;SARRIGNE;ANGERS > BAUNE CENTRE 3.1;5589;PTMONG-E;PETIT MONGAZON;6242;47.486734,-0.48331009
268493039;270407948;2021-03-08T18:51:00+01:00;2021-03-08T18:51:00+01:00;2021-03-08T18:51:00+01:00;2021-03-08T18:51:00+01:00;T;2021-03-08T05:06:56+01:00;30;SARRIGNE PLESSIS <> GARE;SARRIGNE;ANGERS > BAUNE CENTRE 3.1;7684;MERCIE-E;MERCIER;11750;47.492678,-0.45827393
268493047;270407956;2021-03-08T19:04:00+01:00;2021-03-08T19:04:00+01:00;2021-03-08T19:04:00+01:00;2021-03-08T19:04:00+01:00;T;2021-03-08T05:06:56+01:00;30;SARRIGNE PLESSIS <> GARE;SARRIGNE;ANGERS > BAUNE CENTRE 3.1;14379;BEDAUD-E;BEDAUDIERE;5506;47.501338,-0.39363545
268493053;270407962;2021-03-08T19:12:00+01:00;2021-03-08T19:12:00+01:00;2021-03-08T19:12:00+01:00;2021-03-08T19:12:00+01:00;T;2021-03-08T05:06:56+01:00;30;SARRIGNE PLESSIS <> GARE;SARRIGNE;ANGERS > BAUNE CENTRE 3.1;20066;GENDRI-E;LA GENDRIE;787054;47.498851,-0.32488701
268493059;270440965;2021-03-08T09:54:00+01:00;2021-03-08T09:54:00+01:00;2021-03-08T09:54:00+01:00;2021-03-08T09:54:00+01:00;T;2021-03-08T05:06:56+01:00;30;SARRIGNE PLESSIS <> GARE;ANGERS;SARRIGNE > ANGERS HDV 3.1;2159;RTINARD;ROCHE TINARD;9553;47.496383,-0.40376643
268493065;270440971;2021-03-08T10:02:00+01:00;2021-03-08T10:02:00+01:00;2021-03-08T10:02:00+01:00;2021-03-08T10:02:00+01:00;T;2021-03-08T05:06:56+01:00;30;SARRIGNE PLESSIS <> GARE;ANGERS;SARRIGNE > ANGERS HDV 3.1;6419;BEAULIEU;BEAULIEU;4126;47.495493,-0.43702716
268493074;270440980;2021-03-08T10:15:00+01:00;2021-03-08T10:15:00+01:00;2021-03-08T10:15:00+01:00;2021-03-08T10:15:00+01:00;T;2021-03-08T05:06:56+01:00;30;SARRIGNE PLESSIS <> GARE;ANGERS;SARRIGNE > ANGERS HDV 3.1;13967;BRISEPOT;BRISEPOTIERE;2222;47.479453,-0.52733485
268493125;270440962;2021-03-08T14:21:00+01:00;2021-03-08T14:21:00+01:00;2021-03-08T14:21:00+01:00;2021-03-08T14:21:00+01:00;T;2021-03-08T05:06:56+01:00;30;SARRIGNE PLESSIS <> GARE;ANGERS;SARRIGNE > ANGERS HDV 3.1;298;SARRMAIR;SARRIGNE MAIRIE;30431;47.501708,-0.38325502
268493126;270440963;2021-03-08T14:22:02+01:00;2021-03-08T14:22:02+01:00;2021-03-08T14:22:02+01:00;2021-03-08T14:22:02+01:00;T;2021-03-08T05:06:56+01:00;30;SARRIGNE PLESSIS <> GARE;ANGERS;SARRIGNE > ANGERS HDV 3.1;619;SARRCIME;SARRIGNE CIMETIERE;1249;47.501529,-0.38744279
268493127;270440964;2021-03-08T14:23:00+01:00;2021-03-08T14:23:00+01:00;2021-03-08T14:23:00+01:00;2021-03-08T14:23:00+01:00;T;2021-03-08T05:06:56+01:00;30;SARRIGNE PLESSIS <> GARE;ANGERS;SARRIGNE > ANGERS HDV 3.1;1201;BEDAUDIE;BEDAUDIERE;26883;47.501277,-0.39507999
268493139;270440976;2021-03-08T14:42:00+01:00;2021-03-08T14:42:00+01:00;2021-03-08T14:42:00+01:00;2021-03-08T14:42:00+01:00;T;2021-03-08T05:06:56+01:00;30;SARRIGNE PLESSIS <> GARE;ANGERS;SARRIGNE > ANGERS HDV 3.1;11737;BARONERI;ST AUBIN LA SALLE;30230;47.489418,-0.50317159
268493141;270440978;2021-03-08T14:44:32+01:00;2021-03-08T14:44:32+01:00;2021-03-08T14:44:32+01:00;2021-03-08T14:44:32+01:00;T;2021-03-08T05:06:56+01:00;30;SARRIGNE PLESSIS <> GARE;ANGERS;SARRIGNE > ANGERS HDV 3.1;12772;SEPSONET;SEPT SONNETTES;12415;47.486054,-0.51480986
268493149;270439939;2021-03-08T18:15:00+01:00;2021-03-08T18:15:00+01:00;2021-03-08T18:15:00+01:00;2021-03-08T18:15:00+01:00;T;2021-03-08T05:06:56+01:00;30;SARRIGNE PLESSIS <> GARE;ANGERS;ECOLE BAUNE > ANGERS HDV 3.1;1608;GENDRIE;LA GENDRIE;833019;47.498851,-0.32488701
268493150;270439940;2021-03-08T18:17:00+01:00;2021-03-08T18:17:00+01:00;2021-03-08T18:17:00+01:00;2021-03-08T18:17:00+01:00;T;2021-03-08T05:06:56+01:00;30;SARRIGNE PLESSIS <> GARE;ANGERS;ECOLE BAUNE > ANGERS HDV 3.1;3817;BAUNBRIA;CHATEAU BRIANCON;109894;47.503509,-0.35196213
268493156;270439946;2021-03-08T18:23:00+01:00;2021-03-08T18:23:00+01:00;2021-03-08T18:23:00+01:00;2021-03-08T18:23:00+01:00;T;2021-03-08T05:06:56+01:00;30;SARRIGNE PLESSIS <> GARE;ANGERS;ECOLE BAUNE > ANGERS HDV 3.1;8260;RTINARD;ROCHE TINARD;9553;47.496383,-0.40376643
268493229;270508033;2021-03-08T07:30:00+01:00;2021-03-08T07:30:00+01:00;2021-03-08T07:30:00+01:00;2021-03-08T07:30:00+01:00;T;2021-03-08T05:06:56+01:00;31;BRIOLLAY <> GARE;ANGERS;BRIOLLAY > ANGERS HDV 2.1;0;ESTAMINE;ESTAMINET;579551;47.565707,-0.5038823
268493231;270508035;2021-03-08T07:32:11+01:00;2021-03-08T07:32:11+01:00;2021-03-08T07:32:11+01:00;2021-03-08T07:32:11+01:00;T;2021-03-08T05:06:56+01:00;31;BRIOLLAY <> GARE;ANGERS;BRIOLLAY > ANGERS HDV 2.1;664;SPORBRIO;BRIOLLAY SALLE SPORT;8372;47.561668,-0.50524888
268493232;270508036;2021-03-08T07:34:00+01:00;2021-03-08T07:34:00+01:00;2021-03-08T07:34:00+01:00;2021-03-08T07:34:00+01:00;T;2021-03-08T05:06:56+01:00;31;BRIOLLAY <> GARE;ANGERS;BRIOLLAY > ANGERS HDV 2.1;3252;DIONNIER;DIONNIERE;4977;47.543646,-0.4850914
268493234;270508038;2021-03-08T07:43:06+01:00;2021-03-08T07:43:06+01:00;2021-03-08T07:43:06+01:00;2021-03-08T07:43:06+01:00;T;2021-03-08T05:06:56+01:00;31;BRIOLLAY <> GARE;ANGERS;BRIOLLAY > ANGERS HDV 2.1;10078;RTEPARIS;ROUTE DE PARIS;17574;47.489566,-0.50811937
268493235;270508039;2021-03-08T07:44:00+01:00;2021-03-08T07:44:00+01:00;2021-03-08T07:44:00+01:00;2021-03-08T07:44:00+01:00;T;2021-03-08T05:06:56+01:00;31;BRIOLLAY <> GARE;ANGERS;BRIOLLAY > ANGERS HDV 2.1;10608;SEPTSONN;SEPT SONNETTES;22929;47.486751,-0.5135459
268493238;270508042;2021-03-08T07:50:00+01:00;2021-03-08T07:50:00+01:00;2021-03-08T07:50:00+01:00;2021-03-08T07:50:00+01:00;T;2021-03-08T05:06:56+01:00;31;BRIOLLAY <> GARE;ANGERS;BRIOLLAY > ANGERS HDV 2.1;12600;LUTIN;LUTIN;32534;47.475723,-0.53438288
268493271;270476550;2021-03-08T17:25:00+01:00;2021-03-08T17:25:00+01:00;2021-03-08T17:25:00+01:00;2021-03-08T17:25:00+01:00;T;2021-03-08T05:06:56+01:00;31;BRIOLLAY <> GARE;BRIOLLAY;ANGERS HDV > BRIOLLAY 2.1;2394;CHATEN-E;CHATENAY;2767;47.482539,-0.52118074
268493273;270476552;2021-03-08T17:29:00+01:00;2021-03-08T17:29:00+01:00;2021-03-08T17:29:00+01:00;2021-03-08T17:29:00+01:00;T;2021-03-08T05:06:56+01:00;31;BRIOLLAY <> GARE;BRIOLLAY;ANGERS HDV > BRIOLLAY 2.1;3706;RTEPAR-E;ROUTE DE PARIS;19337;47.489764,-0.50738631
268493310;270476037;2021-03-08T17:53:00+01:00;2021-03-08T17:53:00+01:00;2021-03-08T17:53:00+01:00;2021-03-08T17:53:00+01:00;T;2021-03-08T05:06:56+01:00;31;BRIOLLAY <> GARE;VERIGNE;ANGERS HDV > VERIGNE 2.1;1814;BRISEP-E;BRISEPOTIERE;3496;47.479392,-0.52727843
268493312;270476039;2021-03-08T17:57:00+01:00;2021-03-08T17:57:00+01:00;2021-03-08T17:57:00+01:00;2021-03-08T17:57:00+01:00;T;2021-03-08T05:06:56+01:00;31;BRIOLLAY <> GARE;VERIGNE;ANGERS HDV > VERIGNE 2.1;2975;SEPSON-E;SEPT SONNETTES;26591;47.485759,-0.51507293
268493314;270476041;2021-03-08T18:00:00+01:00;2021-03-08T18:00:00+01:00;2021-03-08T18:00:00+01:00;2021-03-08T18:00:00+01:00;T;2021-03-08T05:06:56+01:00;31;BRIOLLAY <> GARE;VERIGNE;ANGERS HDV > VERIGNE 2.1;4226;PROVIN-E;PROVINS;17083;47.492606,-0.50198711
268493320;270476047;2021-03-08T18:17:00+01:00;2021-03-08T18:17:00+01:00;2021-03-08T18:17:00+01:00;2021-03-08T18:17:00+01:00;T;2021-03-08T05:06:56+01:00;31;BRIOLLAY <> GARE;VERIGNE;ANGERS HDV > VERIGNE 2.1;16631;VERIGN-E;VERIGNE;24724;47.588271,-0.4935275
268493360;270540033;2021-03-08T12:05:00+01:00;2021-03-08T12:05:00+01:00;2021-03-08T12:05:00+01:00;2021-03-08T12:05:00+01:00;T;2021-03-08T05:06:56+01:00;32;SOUCELLES PELLOUAILLES <> GARE;SOUCELLES;ANGERS HDV > SOUCELLES 2.1;0;HDVMEP;HDV Mise en Place;334331;47.471363,-0.54687838
268493362;270540035;2021-03-08T12:12:00+01:00;2021-03-08T12:12:00+01:00;2021-03-08T12:12:00+01:00;2021-03-08T12:12:00+01:00;T;2021-03-08T05:06:56+01:00;32;SOUCELLES PELLOUAILLES <> GARE;SOUCELLES;ANGERS HDV > SOUCELLES 2.1;444;CLEMOI-E;C. LEMOINE;26438;47.471976,-0.54174762
268493363;270540036;2021-03-08T12:14:00+01:00;2021-03-08T12:14:00+01:00;2021-03-08T12:14:00+01:00;2021-03-08T12:14:00+01:00;T;2021-03-08T05:06:56+01:00;32;SOUCELLES PELLOUAILLES <> GARE;SOUCELLES;ANGERS HDV > SOUCELLES 2.1;1159;LUTIN -E;LUTIN;485;47.475784,-0.53413389
268493365;270540038;2021-03-08T12:18:00+01:00;2021-03-08T12:18:00+01:00;2021-03-08T12:18:00+01:00;2021-03-08T12:18:00+01:00;T;2021-03-08T05:06:56+01:00;32;SOUCELLES PELLOUAILLES <> GARE;SOUCELLES;ANGERS HDV > SOUCELLES 2.1;2394;CHATEN-E;CHATENAY;2767;47.482539,-0.52118074
268493372;270540045;2021-03-08T12:36:00+01:00;2021-03-08T12:36:00+01:00;2021-03-08T12:36:00+01:00;2021-03-08T12:36:00+01:00;T;2021-03-08T05:06:56+01:00;32;SOUCELLES PELLOUAILLES <> GARE;SOUCELLES;ANGERS HDV > SOUCELLES 2.1;10294;PELSTA-E;PELLOUAILLES STADE;22112;47.523341,-0.43886421
268493374;270540047;2021-03-08T12:38:00+01:00;2021-03-08T12:38:00+01:00;2021-03-08T12:38:00+01:00;2021-03-08T12:38:00+01:00;T;2021-03-08T05:06:56+01:00;32;SOUCELLES PELLOUAILLES <> GARE;SOUCELLES;ANGERS HDV > SOUCELLES 2.1;12329;TOURAI-E;TOURAINE;25515;47.539112,-0.43536755
268493381;270571010;2021-03-08T06:47:00+01:00;2021-03-08T06:47:00+01:00;2021-03-08T06:47:00+01:00;2021-03-08T06:47:00+01:00;T;2021-03-08T05:06:56+01:00;32;SOUCELLES PELLOUAILLES <> GARE;ANGERS;SOUCELLES > ANGERS HDV 2.1;1039;VILVECOL;ECOLE VILLEVEQUE;28122;47.560798,-0.42157953
268493385;270571014;2021-03-08T06:52:00+01:00;2021-03-08T06:52:00+01:00;2021-03-08T06:52:00+01:00;2021-03-08T06:52:00+01:00;T;2021-03-08T05:06:56+01:00;32;SOUCELLES PELLOUAILLES <> GARE;ANGERS;SOUCELLES > ANGERS HDV 2.1;3761;TOURAINE;TOURAINE;26936;47.538976,-0.43541362
268493388;270571017;2021-03-08T06:57:00+01:00;2021-03-08T06:57:00+01:00;2021-03-08T06:57:00+01:00;2021-03-08T06:57:00+01:00;T;2021-03-08T05:06:56+01:00;32;SOUCELLES PELLOUAILLES <> GARE;ANGERS;SOUCELLES > ANGERS HDV 2.1;6377;PELEGLIS;PELLOUAILLES EGLISE;27979;47.521522,-0.44415047
268493394;270571023;2021-03-08T07:12:00+01:00;2021-03-08T07:12:00+01:00;2021-03-08T07:12:00+01:00;2021-03-08T07:12:00+01:00;T;2021-03-08T05:06:56+01:00;32;SOUCELLES PELLOUAILLES <> GARE;ANGERS;SOUCELLES > ANGERS HDV 2.1;14240;BRISEPOT;BRISEPOTIERE;2222;47.479453,-0.52733485
268493396;270571025;2021-03-08T07:16:00+01:00;2021-03-08T07:16:00+01:00;2021-03-08T07:16:00+01:00;2021-03-08T07:16:00+01:00;T;2021-03-08T05:06:56+01:00;32;SOUCELLES PELLOUAILLES <> GARE;ANGERS;SOUCELLES > ANGERS HDV 2.1;15637;CLEMOINE;C. LEMOINE;54191;47.471969,-0.54202602
268493397;270571026;2021-03-08T07:20:00+01:00;2021-03-08T07:20:00+01:00;2021-03-08T07:20:00+01:00;2021-03-08T07:20:00+01:00;T;2021-03-08T05:06:56+01:00;32;SOUCELLES PELLOUAILLES <> GARE;ANGERS;SOUCELLES > ANGERS HDV 2.1;16169;HDVSUB-A;HOTEL DE VILLE;674817;47.471988,-0.54634141
268493439;270541059;2021-03-08T15:42:00+01:00;2021-03-08T15:42:00+01:00;2021-03-08T15:42:00+01:00;2021-03-08T15:42:00+01:00;T;2021-03-08T05:06:56+01:00;32;SOUCELLES PELLOUAILLES <> GARE;SOUCELLES HERMITAGE;ANGERS>HAIE>HERMITAGE 2.1;444;CLEMOI-E;C. LEMOINE;26438;47.471976,-0.54174762
268493447;270541067;2021-03-08T16:01:00+01:00;2021-03-08T16:01:00+01:00;2021-03-08T16:01:00+01:00;2021-03-08T16:01:00+01:00;T;2021-03-08T05:06:56+01:00;32;SOUCELLES PELLOUAILLES <> GARE;SOUCELLES HERMITAGE;ANGERS>HAIE>HERMITAGE 2.1;7539;CARREA-E;CARREAUX;19826;47.511972,-0.47142926
268493454;270541074;2021-03-08T16:12:00+01:00;2021-03-08T16:12:00+01:00;2021-03-08T16:12:00+01:00;2021-03-08T16:12:00+01:00;T;2021-03-08T05:06:56+01:00;32;SOUCELLES PELLOUAILLES <> GARE;SOUCELLES HERMITAGE;ANGERS>HAIE>HERMITAGE 2.1;12968;TOURAI-E;TOURAINE;25515;47.539112,-0.43536755
268493455;270541075;2021-03-08T16:14:00+01:00;2021-03-08T16:14:00+01:00;2021-03-08T16:14:00+01:00;2021-03-08T16:14:00+01:00;T;2021-03-08T05:06:56+01:00;32;SOUCELLES PELLOUAILLES <> GARE;SOUCELLES HERMITAGE;ANGERS>HAIE>HERMITAGE 2.1;14533;LABA32-E;LA BARRE;12328;47.552264,-0.42919327
268493462;270571521;2021-03-08T06:55:00+01:00;2021-03-08T06:55:00+01:00;2021-03-08T06:55:00+01:00;2021-03-08T06:55:00+01:00;T;2021-03-08T05:06:56+01:00;32;SOUCELLES PELLOUAILLES <> GARE;ANGERS;HERMITAGE>HAIE>ANGERS 2.1;0;HERMLT32;HERMITAGE SOUCELLES;3329;47.584537,-0.41751728
268493467;270571526;2021-03-08T07:04:00+01:00;2021-03-08T07:04:00+01:00;2021-03-08T07:04:00+01:00;2021-03-08T07:04:00+01:00;T;2021-03-08T05:06:56+01:00;32;SOUCELLES PELLOUAILLES <> GARE;ANGERS;HERMITAGE>HAIE>ANGERS 2.1;4196;LOTISSEM;LOTISS VILLEVEQUE;29903;47.556608,-0.42442014
268493477;270571536;2021-03-08T07:23:00+01:00;2021-03-08T07:23:00+01:00;2021-03-08T07:23:00+01:00;2021-03-08T07:23:00+01:00;T;2021-03-08T05:06:56+01:00;32;SOUCELLES PELLOUAILLES <> GARE;ANGERS;HERMITAGE>HAIE>ANGERS 2.1;15150;PROVINS;PROVINS;14341;47.492496,-0.50243277
268493478;270571537;2021-03-08T07:24:24+01:00;2021-03-08T07:24:24+01:00;2021-03-08T07:24:24+01:00;2021-03-08T07:24:24+01:00;T;2021-03-08T05:06:56+01:00;32;SOUCELLES PELLOUAILLES <> GARE;ANGERS;HERMITAGE>HAIE>ANGERS 2.1;15690;RTEPARIS;ROUTE DE PARIS;17574;47.489566,-0.50811937
268493480;270571539;2021-03-08T07:27:00+01:00;2021-03-08T07:27:00+01:00;2021-03-08T07:27:00+01:00;2021-03-08T07:27:00+01:00;T;2021-03-08T05:06:56+01:00;32;SOUCELLES PELLOUAILLES <> GARE;ANGERS;HERMITAGE>HAIE>ANGERS 2.1;16944;CHATENAY;CHATENAY;2146;47.48272,-0.52116387
268493583;270571530;2021-03-08T07:45:00+01:00;2021-03-08T07:45:00+01:00;2021-03-08T07:45:00+01:00;2021-03-08T07:45:00+01:00;T;2021-03-08T05:06:56+01:00;32;SOUCELLES PELLOUAILLES <> GARE;ANGERS;HERMITAGE>HAIE>ANGERS 2.1;8407;PELSTADE;PELLOUAILLES STADE;26074;47.523231,-0.43892494
268493585;270571532;2021-03-08T07:50:00+01:00;2021-03-08T07:50:00+01:00;2021-03-08T07:50:00+01:00;2021-03-08T07:50:00+01:00;T;2021-03-08T05:06:56+01:00;32;SOUCELLES PELLOUAILLES <> GARE;ANGERS;HERMITAGE>HAIE>ANGERS 2.1;10640;HJOU32;HAIE JOULAIN;18910;47.517567,-0.46266349
268493589;270571536;2021-03-08T07:58:00+01:00;2021-03-08T07:58:00+01:00;2021-03-08T07:58:00+01:00;2021-03-08T07:58:00+01:00;T;2021-03-08T05:06:56+01:00;32;SOUCELLES PELLOUAILLES <> GARE;ANGERS;HERMITAGE>HAIE>ANGERS 2.1;15150;PROVINS;PROVINS;14341;47.492496,-0.50243277
268493592;270571539;2021-03-08T08:02:00+01:00;2021-03-08T08:02:00+01:00;2021-03-08T08:02:00+01:00;2021-03-08T08:02:00+01:00;T;2021-03-08T05:06:56+01:00;32;SOUCELLES PELLOUAILLES <> GARE;ANGERS;HERMITAGE>HAIE>ANGERS 2.1;16944;CHATENAY;CHATENAY;2146;47.48272,-0.52116387
268493656;270540044;2021-03-08T18:07:00+01:00;2021-03-08T18:07:00+01:00;2021-03-08T18:07:00+01:00;2021-03-08T18:07:00+01:00;T;2021-03-08T05:06:56+01:00;32;SOUCELLES PELLOUAILLES <> GARE;SOUCELLES;ANGERS HDV > SOUCELLES 2.1;10044;PELMAI-E;PELLOUAILLES MAIRIE;29474;47.521762,-0.43940632
268493657;270540045;2021-03-08T18:08:00+01:00;2021-03-08T18:08:00+01:00;2021-03-08T18:08:00+01:00;2021-03-08T18:08:00+01:00;T;2021-03-08T05:06:56+01:00;32;SOUCELLES PELLOUAILLES <> GARE;SOUCELLES;ANGERS HDV > SOUCELLES 2.1;10294;PELSTA-E;PELLOUAILLES STADE;22112;47.523341,-0.43886421
268493714;270571010;2021-03-08T09:22:00+01:00;2021-03-08T09:22:00+01:00;2021-03-08T09:22:00+01:00;2021-03-08T09:22:00+01:00;T;2021-03-08T05:06:56+01:00;32;SOUCELLES PELLOUAILLES <> GARE;ANGERS;SOUCELLES > ANGERS HDV 2.1;1039;VILVECOL;ECOLE VILLEVEQUE;28122;47.560798,-0.42157953
268493755;270540034;2021-03-08T18:41:00+01:00;2021-03-08T18:45:00+01:00;2021-03-08T18:41:00+01:00;2021-03-08T18:45:00+01:00;T;2021-03-08T05:06:56+01:00;32;SOUCELLES PELLOUAILLES <> GARE;SOUCELLES;ANGERS HDV > SOUCELLES 2.1;50;HDVSUB;HOTEL DE VILLE;159454;47.471989,-0.5463149
268493756;270540035;2021-03-08T18:47:00+01:00;2021-03-08T18:47:00+01:00;2021-03-08T18:47:00+01:00;2021-03-08T18:47:00+01:00;T;2021-03-08T05:06:56+01:00;32;SOUCELLES PELLOUAILLES <> GARE;SOUCELLES;ANGERS HDV > SOUCELLES 2.1;444;CLEMOI-E;C. LEMOINE;26438;47.471976,-0.54174762
268493758;270540037;2021-03-08T18:51:00+01:00;2021-03-08T18:51:00+01:00;2021-03-08T18:51:00+01:00;2021-03-08T18:51:00+01:00;T;2021-03-08T05:06:56+01:00;32;SOUCELLES PELLOUAILLES <> GARE;SOUCELLES;ANGERS HDV > SOUCELLES 2.1;1814;BRISEP-E;BRISEPOTIERE;3496;47.479392,-0.52727843
268493760;270540039;2021-03-08T18:55:00+01:00;2021-03-08T18:55:00+01:00;2021-03-08T18:55:00+01:00;2021-03-08T18:55:00+01:00;T;2021-03-08T05:06:56+01:00;32;SOUCELLES PELLOUAILLES <> GARE;SOUCELLES;ANGERS HDV > SOUCELLES 2.1;2975;SEPSON-E;SEPT SONNETTES;26591;47.485759,-0.51507293
268493763;270540042;2021-03-08T19:00:00+01:00;2021-03-08T19:00:00+01:00;2021-03-08T19:00:00+01:00;2021-03-08T19:00:00+01:00;T;2021-03-08T05:06:56+01:00;32;SOUCELLES PELLOUAILLES <> GARE;SOUCELLES;ANGERS HDV > SOUCELLES 2.1;5039;PARCEX-E;PARC DES EXPOSITIONS;13525;47.497073,-0.49340675
268493770;270540049;2021-03-08T19:16:00+01:00;2021-03-08T19:16:00+01:00;2021-03-08T19:16:00+01:00;2021-03-08T19:16:00+01:00;T;2021-03-08T05:06:56+01:00;32;SOUCELLES PELLOUAILLES <> GARE;SOUCELLES;ANGERS HDV > SOUCELLES 2.1;14539;LOTISS-E;LOTISS VILLEVEQUE;411;47.556758,-0.42417531
268493799;270571009;2021-03-08T14:20:00+01:00;2021-03-08T14:20:00+01:00;2021-03-08T14:20:00+01:00;2021-03-08T14:20:00+01:00;T;2021-03-08T05:06:56+01:00;32;SOUCELLES PELLOUAILLES <> GARE;ANGERS;SOUCELLES > ANGERS HDV 2.1;0;SOUCEL-E;SOUCELLES;19812;47.570106,-0.42036025
268493800;270571010;2021-03-08T14:22:00+01:00;2021-03-08T14:22:00+01:00;2021-03-08T14:22:00+01:00;2021-03-08T14:22:00+01:00;T;2021-03-08T05:06:56+01:00;32;SOUCELLES PELLOUAILLES <> GARE;ANGERS;SOUCELLES > ANGERS HDV 2.1;1039;VILVECOL;ECOLE VILLEVEQUE;28122;47.560798,-0.42157953
268493801;270571011;2021-03-08T14:23:00+01:00;2021-03-08T14:23:00+01:00;2021-03-08T14:23:00+01:00;2021-03-08T14:23:00+01:00;T;2021-03-08T05:06:56+01:00;32;SOUCELLES PELLOUAILLES <> GARE;ANGERS;SOUCELLES > ANGERS HDV 2.1;1195;VILVEQUE;VILLEVEQUE MAIRIE;4402;47.559452,-0.42216122
268493803;270571013;2021-03-08T14:25:00+01:00;2021-03-08T14:25:00+01:00;2021-03-08T14:25:00+01:00;2021-03-08T14:25:00+01:00;T;2021-03-08T05:06:56+01:00;32;SOUCELLES PELLOUAILLES <> GARE;ANGERS;SOUCELLES > ANGERS HDV 2.1;2192;LABARR32;LA BARRE;26356;47.552207,-0.4293498
268493805;270571015;2021-03-08T14:29:00+01:00;2021-03-08T14:29:00+01:00;2021-03-08T14:29:00+01:00;2021-03-08T14:29:00+01:00;T;2021-03-08T05:06:56+01:00;32;SOUCELLES PELLOUAILLES <> GARE;ANGERS;SOUCELLES > ANGERS HDV 2.1;5104;BLITOURN;BLITOURNE;8555;47.527087,-0.43424937
268493810;270571020;2021-03-08T14:43:24+01:00;2021-03-08T14:43:24+01:00;2021-03-08T14:43:24+01:00;2021-03-08T14:43:24+01:00;T;2021-03-08T05:06:56+01:00;32;SOUCELLES PELLOUAILLES <> GARE;ANGERS;SOUCELLES > ANGERS HDV 2.1;12396;RTEPARIS;ROUTE DE PARIS;17574;47.489566,-0.50811937
268493814;270571024;2021-03-08T14:50:00+01:00;2021-03-08T14:50:00+01:00;2021-03-08T14:50:00+01:00;2021-03-08T14:50:00+01:00;T;2021-03-08T05:06:56+01:00;32;SOUCELLES PELLOUAILLES <> GARE;ANGERS;SOUCELLES > ANGERS HDV 2.1;14918;LUTIN;LUTIN;32534;47.475723,-0.53438288
268493915;270606085;2021-03-08T11:33:00+01:00;2021-03-08T11:33:00+01:00;2021-03-08T11:33:00+01:00;2021-03-08T11:33:00+01:00;T;2021-03-08T05:06:56+01:00;33;FENEU CANTENAY <> GARE;FENEU;ANGERS > FENEU 3.1;2848;BLERIO-E;BLERIOT;3197;47.48616,-0.56349457
268493919;270606089;2021-03-08T11:44:00+01:00;2021-03-08T11:44:00+01:00;2021-03-08T11:44:00+01:00;2021-03-08T11:44:00+01:00;T;2021-03-08T05:06:56+01:00;33;FENEU CANTENAY <> GARE;FENEU;ANGERS > FENEU 3.1;8753;MASSON-E;CANTENAY MASSON;16344;47.532074,-0.56776531
268493923;270606093;2021-03-08T11:51:00+01:00;2021-03-08T11:51:00+01:00;2021-03-08T11:51:00+01:00;2021-03-08T11:51:00+01:00;T;2021-03-08T05:06:56+01:00;33;FENEU CANTENAY <> GARE;FENEU;ANGERS > FENEU 3.1;12759;LALAN-E;LA LANDE;8374;47.562406,-0.58535309
268493926;270606096;2021-03-08T11:55:00+01:00;2021-03-08T11:55:00+01:00;2021-03-08T11:55:00+01:00;2021-03-08T11:55:00+01:00;T;2021-03-08T05:06:56+01:00;33;FENEU CANTENAY <> GARE;FENEU;ANGERS > FENEU 3.1;14922;FENEU ZA;ZA FENEU Arrivée;370674;47.579166,-0.59139583
268494064;270639108;2021-03-08T09:54:00+01:00;2021-03-08T09:54:00+01:00;2021-03-08T09:54:00+01:00;2021-03-08T09:54:00+01:00;T;2021-03-08T05:06:56+01:00;33;FENEU CANTENAY <> GARE;ANGERS GARES;FENEU > ANGERS 3.1;2167;LALANDE;LA LANDE;30783;47.562261,-0.58538503
268494071;270639115;2021-03-08T10:15:00+01:00;2021-03-08T10:15:00+01:00;2021-03-08T10:15:00+01:00;2021-03-08T10:15:00+01:00;T;2021-03-08T05:06:56+01:00;33;FENEU CANTENAY <> GARE;ANGERS GARES;FENEU > ANGERS 3.1;11275;VERNUIT;AQUAVITA sub;2307;47.493148,-0.56548224
268494074;270639118;2021-03-08T10:24:00+01:00;2021-03-08T10:24:00+01:00;2021-03-08T10:24:00+01:00;2021-03-08T10:24:00+01:00;T;2021-03-08T05:06:56+01:00;33;FENEU CANTENAY <> GARE;ANGERS GARES;FENEU > ANGERS 3.1;13599;MONPROFI;PLACE MONPROFIT;18765;47.474628,-0.56748659
268494084;270606088;2021-03-08T16:25:00+01:00;2021-03-08T16:25:00+01:00;2021-03-08T16:25:00+01:00;2021-03-08T16:25:00+01:00;T;2021-03-08T05:06:56+01:00;33;FENEU CANTENAY <> GARE;FENEU;ANGERS > FENEU 3.1;8453;RONCER-E;LE RONCERAY;20665;47.529983,-0.56536533
268494089;270606093;2021-03-08T16:33:00+01:00;2021-03-08T16:33:00+01:00;2021-03-08T16:33:00+01:00;2021-03-08T16:33:00+01:00;T;2021-03-08T05:06:56+01:00;33;FENEU CANTENAY <> GARE;FENEU;ANGERS > FENEU 3.1;12759;LALAN-E;LA LANDE;8374;47.562406,-0.58535309
268494092;270606096;2021-03-08T16:40:00+01:00;2021-03-08T16:40:00+01:00;2021-03-08T16:40:00+01:00;2021-03-08T16:40:00+01:00;T;2021-03-08T05:06:56+01:00;33;FENEU CANTENAY <> GARE;FENEU;ANGERS > FENEU 3.1;14922;FENEU ZA;ZA FENEU Arrivée;370674;47.579166,-0.59139583
268494229;270639111;2021-03-08T07:23:00+01:00;2021-03-08T07:23:00+01:00;2021-03-08T07:23:00+01:00;2021-03-08T07:23:00+01:00;T;2021-03-08T05:06:56+01:00;33;FENEU CANTENAY <> GARE;ANGERS GARES;FENEU > ANGERS 3.1;5645;MAROTTIE;MAROTTIERES;10301;47.536358,-0.56886315
268494237;270639119;2021-03-08T07:49:00+01:00;2021-03-08T07:49:00+01:00;2021-03-08T07:49:00+01:00;2021-03-08T07:49:00+01:00;T;2021-03-08T05:06:56+01:00;33;FENEU CANTENAY <> GARE;ANGERS GARES;FENEU > ANGERS 3.1;14686;CHDARR;CHATEAU D'ANGERS;39215;47.468723,-0.55922657
268494238;270639120;2021-03-08T07:52:00+01:00;2021-03-08T07:52:00+01:00;2021-03-08T07:52:00+01:00;2021-03-08T07:52:00+01:00;T;2021-03-08T05:06:56+01:00;33;FENEU CANTENAY <> GARE;ANGERS GARES;FENEU > ANGERS 3.1;15225;GARR-AR;GARES ROUTIERE Arr.;7592;47.464889,-0.55923046
268494275;270606600;2021-03-08T18:48:00+01:00;2021-03-08T18:48:00+01:00;2021-03-08T18:48:00+01:00;2021-03-08T18:48:00+01:00;T;2021-03-08T05:06:56+01:00;33;FENEU CANTENAY <> GARE;CROIX DE BEAUVAIS;ANGERS>CROIX DE BEAUVAIS 3.1;8453;RONCER-E;LE RONCERAY;20665;47.529983,-0.56536533
268494290;270605573;2021-03-08T17:49:00+01:00;2021-03-08T17:49:00+01:00;2021-03-08T17:49:00+01:00;2021-03-08T17:49:00+01:00;T;2021-03-08T05:06:56+01:00;33;FENEU CANTENAY <> GARE;FENEU;Dbl MONPROFIT > FENEU 3.1;6676;LEGRAS-E;CANTENAY LEGRAS;11618;47.529188,-0.56690343
268494444;270708225;2021-03-08T07:50:00+01:00;2021-03-08T07:50:00+01:00;2021-03-08T07:50:00+01:00;2021-03-08T07:50:00+01:00;T;2021-03-08T05:06:56+01:00;34;PLESSIS MACE MEIGNANNE <> GARE;ANGERS GARES;LE PLESSIS > ANGERS 9.0;0;PLMACE;PLESSIS MACE MAIRIE;32166;47.543845,-0.67512782
268494453;270708234;2021-03-08T08:00:00+01:00;2021-03-08T08:00:00+01:00;2021-03-08T08:00:00+01:00;2021-03-08T08:00:00+01:00;T;2021-03-08T05:06:56+01:00;34;PLESSIS MACE MEIGNANNE <> GARE;ANGERS GARES;LE PLESSIS > ANGERS 9.0;4553;TANCELL;LA TANCELLERIE;29482;47.515968,-0.66367788
268494456;270708237;2021-03-08T08:06:00+01:00;2021-03-08T08:06:00+01:00;2021-03-08T08:06:00+01:00;2021-03-08T08:06:00+01:00;T;2021-03-08T05:06:56+01:00;34;PLESSIS MACE MEIGNANNE <> GARE;ANGERS GARES;LE PLESSIS > ANGERS 9.0;8412;LAPLESSE;LA PLESSE;22986;47.499396,-0.62030624
268494457;270708238;2021-03-08T08:09:00+01:00;2021-03-08T08:09:00+01:00;2021-03-08T08:09:00+01:00;2021-03-08T08:09:00+01:00;T;2021-03-08T05:06:56+01:00;34;PLESSIS MACE MEIGNANNE <> GARE;ANGERS GARES;LE PLESSIS > ANGERS 9.0;10724;GPOMPIDO;POMPIDOU;2755;47.491943,-0.59229566
268494975;270741765;2021-03-08T17:17:00+01:00;2021-03-08T17:17:00+01:00;2021-03-08T17:17:00+01:00;2021-03-08T17:17:00+01:00;T;2021-03-08T05:06:56+01:00;35;ST LEGER St LAMBERT <> GARE;SAINT LEGER LA COUDRE;ANGERS > LA COUDRE 2.1;3275;PATTON-E;PATTON;9022;47.473559,-0.58993048
268494977;270741767;2021-03-08T17:21:00+01:00;2021-03-08T17:21:00+01:00;2021-03-08T17:21:00+01:00;2021-03-08T17:21:00+01:00;T;2021-03-08T05:06:56+01:00;35;ST LEGER St LAMBERT <> GARE;SAINT LEGER LA COUDRE;ANGERS > LA COUDRE 2.1;4372;DARWIN-E;DARWIN;12749;47.474242,-0.60527511
268494979;270741769;2021-03-08T17:22:00+01:00;2021-03-08T17:22:00+01:00;2021-03-08T17:22:00+01:00;2021-03-08T17:22:00+01:00;T;2021-03-08T05:06:56+01:00;35;ST LEGER St LAMBERT <> GARE;SAINT LEGER LA COUDRE;ANGERS > LA COUDRE 2.1;5297;DESER-E;DE SERRE;60376;47.477726,-0.61480123
268494984;270741774;2021-03-08T17:33:00+01:00;2021-03-08T17:33:00+01:00;2021-03-08T17:33:00+01:00;2021-03-08T17:33:00+01:00;T;2021-03-08T05:06:56+01:00;35;ST LEGER St LAMBERT <> GARE;SAINT LEGER LA COUDRE;ANGERS > LA COUDRE 2.1;11381;PERRAU-E;PERRAUDIERE L35;19554;47.482348,-0.6813823
268495093;270774787;2021-03-08T13:02:00+01:00;2021-03-08T13:02:00+01:00;2021-03-08T13:02:00+01:00;2021-03-08T13:02:00+01:00;T;2021-03-08T05:06:56+01:00;35;ST LEGER St LAMBERT <> GARE;ANGERS GARES;LA COUDRE > ANGERS 2.1;745;STLEMOUL;ST LEGER MOULIN;206131;47.461543,-0.70794487
268495128;270774785;2021-03-08T14:00:00+01:00;2021-03-08T14:00:00+01:00;2021-03-08T14:00:00+01:00;2021-03-08T14:00:00+01:00;T;2021-03-08T05:06:56+01:00;35;ST LEGER St LAMBERT <> GARE;ANGERS GARES;LA COUDRE > ANGERS 2.1;0;LACOUDRE;LA COUDRE;14817;47.463878,-0.71431713
268495216;270739713;2021-03-08T17:15:00+01:00;2021-03-08T17:15:00+01:00;2021-03-08T17:15:00+01:00;2021-03-08T17:15:00+01:00;T;2021-03-08T05:06:56+01:00;35;ST LEGER St LAMBERT <> GARE;SAINT LEGER LA COUDRE;ELYSEE > LA COUDRE 2.1;0;ELYSEE-E;ELYSEE;20767;47.473705,-0.58488043
268495217;270739714;2021-03-08T17:16:00+01:00;2021-03-08T17:16:00+01:00;2021-03-08T17:16:00+01:00;2021-03-08T17:16:00+01:00;T;2021-03-08T05:06:56+01:00;35;ST LEGER St LAMBERT <> GARE;SAINT LEGER LA COUDRE;ELYSEE > LA COUDRE 2.1;474;PATTON-E;PATTON;9022;47.473559,-0.58993048
268495223;270739720;2021-03-08T17:28:00+01:00;2021-03-08T17:28:00+01:00;2021-03-08T17:28:00+01:00;2021-03-08T17:28:00+01:00;T;2021-03-08T05:06:56+01:00;35;ST LEGER St LAMBERT <> GARE;SAINT LEGER LA COUDRE;ELYSEE > LA COUDRE 2.1;5854;PAQUER-E;PAQUERETTE;22063;47.485885,-0.64943375
268495228;270739725;2021-03-08T17:34:30+01:00;2021-03-08T17:34:30+01:00;2021-03-08T17:34:30+01:00;2021-03-08T17:34:30+01:00;T;2021-03-08T05:06:56+01:00;35;ST LEGER St LAMBERT <> GARE;SAINT LEGER LA COUDRE;ELYSEE > LA COUDRE 2.1;9173;ABI-E;AVICENNE;931;47.481217,-0.68886021
268495230;270739727;2021-03-08T17:36:00+01:00;2021-03-08T17:36:00+01:00;2021-03-08T17:36:00+01:00;2021-03-08T17:36:00+01:00;T;2021-03-08T05:06:56+01:00;35;ST LEGER St LAMBERT <> GARE;SAINT LEGER LA COUDRE;ELYSEE > LA COUDRE 2.1;10073;LESECO-E;LES ECOTS DOMAINE;7610;47.475482,-0.69578353
268495234;270739731;2021-03-08T17:40:57+01:00;2021-03-08T17:40:57+01:00;2021-03-08T17:40:57+01:00;2021-03-08T17:40:57+01:00;T;2021-03-08T05:06:56+01:00;35;ST LEGER St LAMBERT <> GARE;SAINT LEGER LA COUDRE;ELYSEE > LA COUDRE 2.1;12315;STLEMO-E;ST LEGER MOULIN;891148;47.46157,-0.70794641
268495521;270840325;2021-03-08T13:43:00+01:00;2021-03-08T13:43:00+01:00;2021-03-08T13:43:00+01:00;2021-03-08T13:43:00+01:00;T;2021-03-08T05:06:56+01:00;36;ST MARTIN St JEAN <> GARE;ANGERS GARES;BEAU SOLEIL > GARE 2.1;2757;PERN23-C;PERRAUDIERE D723;31888;47.438503,-0.69854846
268495528;270840332;2021-03-08T13:57:00+01:00;2021-03-08T13:57:00+01:00;2021-03-08T13:57:00+01:00;2021-03-08T13:57:00+01:00;T;2021-03-08T05:06:56+01:00;36;ST MARTIN St JEAN <> GARE;ANGERS GARES;BEAU SOLEIL > GARE 2.1;12537;CNFPT;C N F P T;22225;47.472365,-0.59976833
268495529;270840333;2021-03-08T13:58:00+01:00;2021-03-08T13:58:00+01:00;2021-03-08T13:58:00+01:00;2021-03-08T13:58:00+01:00;T;2021-03-08T05:06:56+01:00;36;ST MARTIN St JEAN <> GARE;ANGERS GARES;BEAU SOLEIL > GARE 2.1;12799;LABARRE;LA BARRE;26186;47.473175,-0.59731713
268495532;270840336;2021-03-08T14:04:00+01:00;2021-03-08T14:04:00+01:00;2021-03-08T14:04:00+01:00;2021-03-08T14:04:00+01:00;T;2021-03-08T05:06:56+01:00;36;ST MARTIN St JEAN <> GARE;ANGERS GARES;BEAU SOLEIL > GARE 2.1;15094;DUMESNIL;DUMESNIL;4581;47.473698,-0.56726326
268466946;268804654;2021-03-08T21:28:13+01:00;2021-03-08T21:28:13+01:00;2021-03-08T21:28:13+01:00;2021-03-08T21:28:13+01:00;T;2021-03-08T05:06:56+01:00;05;CIRCULAIRE VERNEAU GARE EUROPE;CIRCULAIRE SENS B;5B CIRCULAIRE 1.1;13878;VILLEC-E;VILLECHIEN;8804;47.463237,-0.51954787
268466959;268804667;2021-03-08T21:44:11+01:00;2021-03-08T21:44:11+01:00;2021-03-08T21:44:11+01:00;2021-03-08T21:44:11+01:00;T;2021-03-08T05:06:56+01:00;05;CIRCULAIRE VERNEAU GARE EUROPE;CIRCULAIRE SENS B;5B CIRCULAIRE 1.1;19785;AURI-A5B;AURIOL;173687;47.491309,-0.56487735
268467325;268775478;2021-03-08T21:16:13+01:00;2021-03-08T21:16:13+01:00;2021-03-08T21:16:13+01:00;2021-03-08T21:16:13+01:00;T;2021-03-08T05:06:56+01:00;05;CIRCULAIRE VERNEAU GARE EUROPE;CIRCULAIRE SENS A;5A CIRCULAIRE 9.0;18277;ROCEPI-E;ROC EPINE;17525;47.480269,-0.57584025
268467326;268775479;2021-03-08T21:17:00+01:00;2021-03-08T21:17:00+01:00;2021-03-08T21:17:00+01:00;2021-03-08T21:17:00+01:00;T;2021-03-08T05:06:56+01:00;05;CIRCULAIRE VERNEAU GARE EUROPE;CIRCULAIRE SENS A;5A CIRCULAIRE 9.0;18592;LECL05-E;LECLERC;18831;47.482988,-0.57581636
268441796;268543525;2021-03-08T21:27:00+01:00;2021-03-08T21:27:00+01:00;2021-03-08T21:27:00+01:00;2021-03-08T21:27:00+01:00;T;2021-03-08T05:06:55+01:00;01;BELLE BEILLE <> MONPLAISIR;BELLE BEILLE;MONPLAISIR > BELLE-BEILLE 9.0;11475;MATEC.;MAISON DE TECHNOPOLE;9274;47.478332,-0.60512933
268441798;268554242;2021-03-08T21:47:00+01:00;2021-03-08T21:47:00+01:00;2021-03-08T21:47:00+01:00;2021-03-08T21:47:00+01:00;T;2021-03-08T05:06:55+01:00;01;BELLE BEILLE <> MONPLAISIR;TEST NOIR;Rentrée Belle-Beille > CTB;10800;RDCTB;DEPOT C T B;26006;47.495794,-0.56873426
268442009;269509377;2021-03-08T20:29:00+01:00;2021-03-08T20:29:00+01:00;2021-03-08T20:29:00+01:00;2021-03-08T20:29:00+01:00;T;2021-03-08T05:06:55+01:00;1S;SOIR LAC MAINE <> CITE CHABADA;PAS EN SERVICE;Sortie CTB > L'Hoirie;0;SDCTB;SORTIE BUS CTB;17220;47.496393,-0.56816931
268442011;269491457;2021-03-08T20:48:01+01:00;2021-03-08T20:48:01+01:00;2021-03-08T20:48:01+01:00;2021-03-08T20:48:01+01:00;T;2021-03-08T05:06:55+01:00;1S;SOIR LAC MAINE <> CITE CHABADA;CHABADA par MONPLAISIR;L'HOIRIE > CHABADA 1.1;0;LHOIRI11;L'HOIRIE;32088;47.467078,-0.61832618
268442015;269491461;2021-03-08T20:50:42+01:00;2021-03-08T20:50:42+01:00;2021-03-08T20:50:42+01:00;2021-03-08T20:50:42+01:00;T;2021-03-08T05:06:55+01:00;1S;SOIR LAC MAINE <> CITE CHABADA;CHABADA par MONPLAISIR;L'HOIRIE > CHABADA 1.1;1604;SHEAKSPE;SHAKESPEARE;15855;47.461844,-0.612501
268442018;269491464;2021-03-08T20:52:23+01:00;2021-03-08T20:52:23+01:00;2021-03-08T20:52:23+01:00;2021-03-08T20:52:23+01:00;T;2021-03-08T05:06:55+01:00;1S;SOIR LAC MAINE <> CITE CHABADA;CHABADA par MONPLAISIR;L'HOIRIE > CHABADA 1.1;2486;PROUDHON;PROUDHON;29327;47.461208,-0.60385183
268442022;269491468;2021-03-08T20:55:43+01:00;2021-03-08T20:55:43+01:00;2021-03-08T20:55:43+01:00;2021-03-08T20:55:43+01:00;T;2021-03-08T05:06:55+01:00;1S;SOIR LAC MAINE <> CITE CHABADA;CHABADA par MONPLAISIR;L'HOIRIE > CHABADA 1.1;4065;LEDENIER;MAISON DU LAC;6046;47.465952,-0.59887055
268442026;269491472;2021-03-08T21:00:07+01:00;2021-03-08T21:00:07+01:00;2021-03-08T21:00:07+01:00;2021-03-08T21:00:07+01:00;T;2021-03-08T05:06:55+01:00;1S;SOIR LAC MAINE <> CITE CHABADA;CHABADA par MONPLAISIR;L'HOIRIE > CHABADA 1.1;5736;ESCALAV;ESSCA;28477;47.477443,-0.5986808
268442053;269491499;2021-03-08T21:34:03+01:00;2021-03-08T21:34:03+01:00;2021-03-08T21:34:03+01:00;2021-03-08T21:34:03+01:00;T;2021-03-08T05:06:55+01:00;1S;SOIR LAC MAINE <> CITE CHABADA;CHABADA par MONPLAISIR;L'HOIRIE > CHABADA 1.1;13362;MUSSET-E;MUSSET;22824;47.473636,-0.53871759
268442056;269491502;2021-03-08T21:36:34+01:00;2021-03-08T21:36:34+01:00;2021-03-08T21:36:34+01:00;2021-03-08T21:36:34+01:00;T;2021-03-08T05:06:55+01:00;1S;SOIR LAC MAINE <> CITE CHABADA;CHABADA par MONPLAISIR;L'HOIRIE > CHABADA 1.1;14167;DESJAR-E;DESJARDINS;8104;47.477889,-0.53015827
268442060;269491506;2021-03-08T21:40:48+01:00;2021-03-08T21:40:48+01:00;2021-03-08T21:40:48+01:00;2021-03-08T21:40:48+01:00;T;2021-03-08T05:06:55+01:00;1S;SOIR LAC MAINE <> CITE CHABADA;CHABADA par MONPLAISIR;L'HOIRIE > CHABADA 1.1;15527;VAUGA6;VAUGAREAU;7338;47.483649,-0.52871573
268442062;269491508;2021-03-08T21:42:20+01:00;2021-03-08T21:42:20+01:00;2021-03-08T21:42:20+01:00;2021-03-08T21:42:20+01:00;T;2021-03-08T05:06:55+01:00;1S;SOIR LAC MAINE <> CITE CHABADA;CHABADA par MONPLAISIR;L'HOIRIE > CHABADA 1.1;15995;RBRIOL-E;ROUTE DE BRIOLLAY;8269;47.486248,-0.5328391
268442069;269527555;2021-03-08T21:49:12+01:00;2021-03-08T21:49:12+01:00;2021-03-08T21:49:12+01:00;2021-03-08T21:49:12+01:00;T;2021-03-08T05:06:55+01:00;1S;SOIR LAC MAINE <> CITE CHABADA;L'HOIRIE par BELLE BEILLE;CHABADA > L'HOIRIE 9.0;795;AUVERGNE;AUVERGNE;2306;47.489521,-0.53078459
268442070;269527556;2021-03-08T21:50:04+01:00;2021-03-08T21:50:04+01:00;2021-03-08T21:50:04+01:00;2021-03-08T21:50:04+01:00;T;2021-03-08T05:06:55+01:00;1S;SOIR LAC MAINE <> CITE CHABADA;L'HOIRIE par BELLE BEILLE;CHABADA > L'HOIRIE 9.0;1002;NOZAY;NOZAY;32625;47.487743,-0.53204331
268442075;269527561;2021-03-08T21:55:06+01:00;2021-03-08T21:55:06+01:00;2021-03-08T21:55:06+01:00;2021-03-08T21:55:06+01:00;T;2021-03-08T05:06:55+01:00;1S;SOIR LAC MAINE <> CITE CHABADA;L'HOIRIE par BELLE BEILLE;CHABADA > L'HOIRIE 9.0;2553;DESJARDI;DESJARDINS;18446;47.477923,-0.53026627
268442076;269527562;2021-03-08T21:56:00+01:00;2021-03-08T21:56:00+01:00;2021-03-08T21:56:00+01:00;2021-03-08T21:56:00+01:00;T;2021-03-08T05:06:55+01:00;1S;SOIR LAC MAINE <> CITE CHABADA;L'HOIRIE par BELLE BEILLE;CHABADA > L'HOIRIE 9.0;2791;MACE;MACE;23738;47.476611,-0.53270485
268442079;269527565;2021-03-08T21:59:01+01:00;2021-03-08T21:59:01+01:00;2021-03-08T21:59:01+01:00;2021-03-08T21:59:01+01:00;T;2021-03-08T05:06:55+01:00;1S;SOIR LAC MAINE <> CITE CHABADA;L'HOIRIE par BELLE BEILLE;CHABADA > L'HOIRIE 9.0;3651;SAVARY;SAVARY;20832;47.4735,-0.54274596
268442083;269527569;2021-03-08T22:06:31+01:00;2021-03-08T22:06:31+01:00;2021-03-08T22:06:31+01:00;2021-03-08T22:06:31+01:00;T;2021-03-08T05:06:55+01:00;1S;SOIR LAC MAINE <> CITE CHABADA;L'HOIRIE par BELLE BEILLE;CHABADA > L'HOIRIE 9.0;4772;HARAS-E;FOCH HARAS;3412;47.467234,-0.55220331
268442096;269527582;2021-03-08T22:21:08+01:00;2021-03-08T22:21:08+01:00;2021-03-08T22:21:08+01:00;2021-03-08T22:21:08+01:00;T;2021-03-08T05:06:55+01:00;1S;SOIR LAC MAINE <> CITE CHABADA;L'HOIRIE par BELLE BEILLE;CHABADA > L'HOIRIE 9.0;9073;ELYSEE-E;ELYSEE;20767;47.473705,-0.58488043
268442097;269527583;2021-03-08T22:22:06+01:00;2021-03-08T22:22:06+01:00;2021-03-08T22:22:06+01:00;2021-03-08T22:22:06+01:00;T;2021-03-08T05:06:55+01:00;1S;SOIR LAC MAINE <> CITE CHABADA;L'HOIRIE par BELLE BEILLE;CHABADA > L'HOIRIE 9.0;9348;CHBBEI-E;CHAPELLE BELLEBEILLE;22139;47.475287,-0.58602932
268442103;269527589;2021-03-08T22:27:18+01:00;2021-03-08T22:27:18+01:00;2021-03-08T22:27:18+01:00;2021-03-08T22:27:18+01:00;T;2021-03-08T05:06:55+01:00;1S;SOIR LAC MAINE <> CITE CHABADA;L'HOIRIE par BELLE BEILLE;CHABADA > L'HOIRIE 9.0;11382;GAUBERT;GAUBERT supprimé;18121;47.474579,-0.5997842
268442110;269527596;2021-03-08T22:35:22+01:00;2021-03-08T22:35:22+01:00;2021-03-08T22:35:22+01:00;2021-03-08T22:35:22+01:00;T;2021-03-08T05:06:55+01:00;1S;SOIR LAC MAINE <> CITE CHABADA;L'HOIRIE par BELLE BEILLE;CHABADA > L'HOIRIE 9.0;14239;PROUD-E;PROUDHON;6151;47.461654,-0.60330571
268442113;269527599;2021-03-08T22:38:04+01:00;2021-03-08T22:38:04+01:00;2021-03-08T22:38:04+01:00;2021-03-08T22:38:04+01:00;T;2021-03-08T05:06:55+01:00;1S;SOIR LAC MAINE <> CITE CHABADA;L'HOIRIE par BELLE BEILLE;CHABADA > L'HOIRIE 9.0;15209;SHEAKS-E;SHAKESPEARE;14745;47.461921,-0.61262477
268442115;269527601;2021-03-08T22:39:45+01:00;2021-03-08T22:39:45+01:00;2021-03-08T22:39:45+01:00;2021-03-08T22:39:45+01:00;T;2021-03-08T05:06:55+01:00;1S;SOIR LAC MAINE <> CITE CHABADA;L'HOIRIE par BELLE BEILLE;CHABADA > L'HOIRIE 9.0;15798;SEURAT-E;C.C. MOLLIERE;30002;47.460735,-0.61748326
268442117;269491969;2021-03-08T22:42:00+01:00;2021-03-08T22:42:00+01:00;2021-03-08T22:42:00+01:00;2021-03-08T22:42:00+01:00;T;2021-03-08T05:06:55+01:00;1S;SOIR LAC MAINE <> CITE CHABADA;CHABADA par MONPLAISIR;L'HOIRIE > LORRAINE 9.0;0;LHOIRI11;L'HOIRIE;32088;47.467078,-0.61832618
268442118;269491970;2021-03-08T22:42:17+01:00;2021-03-08T22:42:17+01:00;2021-03-08T22:42:17+01:00;2021-03-08T22:42:17+01:00;T;2021-03-08T05:06:55+01:00;1S;SOIR LAC MAINE <> CITE CHABADA;CHABADA par MONPLAISIR;L'HOIRIE > LORRAINE 9.0;82;LHOI11-E;L'HOIRIE;19931;47.467128,-0.61848824
268442130;269491982;2021-03-08T22:52:00+01:00;2021-03-08T22:52:00+01:00;2021-03-08T22:52:00+01:00;2021-03-08T22:52:00+01:00;T;2021-03-08T05:06:55+01:00;1S;SOIR LAC MAINE <> CITE CHABADA;CHABADA par MONPLAISIR;L'HOIRIE > LORRAINE 9.0;5161;CNFPT;C N F P T;22225;47.472365,-0.59976833
268442139;269491991;2021-03-08T23:01:00+01:00;2021-03-08T23:01:00+01:00;2021-03-08T23:01:00+01:00;2021-03-08T23:01:00+01:00;T;2021-03-08T05:06:55+01:00;1S;SOIR LAC MAINE <> CITE CHABADA;CHABADA par MONPLAISIR;L'HOIRIE > LORRAINE 9.0;8005;MONTESQU;MONTESQUIEU;27063;47.473594,-0.58070579
268442140;269491992;2021-03-08T23:02:00+01:00;2021-03-08T23:02:00+01:00;2021-03-08T23:02:00+01:00;2021-03-08T23:02:00+01:00;T;2021-03-08T05:06:55+01:00;1S;SOIR LAC MAINE <> CITE CHABADA;CHABADA par MONPLAISIR;L'HOIRIE > LORRAINE 9.0;8192;STNICOLA;ST NICOLAS;31139;47.473682,-0.57792273
268442144;269491996;2021-03-08T23:07:11+01:00;2021-03-08T23:07:11+01:00;2021-03-08T23:07:11+01:00;2021-03-08T23:07:11+01:00;T;2021-03-08T05:06:55+01:00;1S;SOIR LAC MAINE <> CITE CHABADA;CHABADA par MONPLAISIR;L'HOIRIE > LORRAINE 9.0;9719;BEAUREPA;BEAUREPAIRE;15816;47.474032,-0.55966127
268442147;269491999;2021-03-08T23:09:47+01:00;2021-03-08T23:09:47+01:00;2021-03-08T23:09:47+01:00;2021-03-08T23:09:47+01:00;T;2021-03-08T05:06:55+01:00;1S;SOIR LAC MAINE <> CITE CHABADA;CHABADA par MONPLAISIR;L'HOIRIE > LORRAINE 9.0;10508;SAICRO-E;SAINTE CROIX;20081;47.469875,-0.55492185
268442148;269492000;2021-03-08T23:10:32+01:00;2021-03-08T23:10:32+01:00;2021-03-08T23:10:32+01:00;2021-03-08T23:10:32+01:00;T;2021-03-08T05:06:55+01:00;1S;SOIR LAC MAINE <> CITE CHABADA;CHABADA par MONPLAISIR;L'HOIRIE > LORRAINE 9.0;10721;OFFTOU-E;OFFICE DE TOURISME;3776;47.46917,-0.55757825
268442150;269492002;2021-03-08T23:12:00+01:00;2021-03-08T23:12:00+01:00;2021-03-08T23:12:00+01:00;2021-03-08T23:12:00+01:00;T;2021-03-08T05:06:55+01:00;1S;SOIR LAC MAINE <> CITE CHABADA;CHABADA par MONPLAISIR;L'HOIRIE > LORRAINE 9.0;11170;GBREM-E;GARES BREMONT;25296;47.465693,-0.55947328
268442151;269492003;2021-03-08T23:13:01+01:00;2021-03-08T23:13:01+01:00;2021-03-08T23:13:01+01:00;2021-03-08T23:13:01+01:00;T;2021-03-08T05:06:55+01:00;1S;SOIR LAC MAINE <> CITE CHABADA;CHABADA par MONPLAISIR;L'HOIRIE > LORRAINE 9.0;11445;GAREPAPI;GARES PAPIN;16316;47.464954,-0.55770757
268442157;269490946;2021-03-08T23:40:34+01:00;2021-03-08T23:40:34+01:00;2021-03-08T23:40:34+01:00;2021-03-08T23:40:34+01:00;T;2021-03-08T05:06:55+01:00;1S;SOIR LAC MAINE <> CITE CHABADA;CHABADA par MONPLAISIR;LORRAINE > CHABADA 1.1;90;LORRAIN1;PLACE LORRAINE;20636;47.470268,-0.54784123
268442165;269490954;2021-03-08T23:48:30+01:00;2021-03-08T23:48:30+01:00;2021-03-08T23:48:30+01:00;2021-03-08T23:48:30+01:00;T;2021-03-08T05:06:55+01:00;1S;SOIR LAC MAINE <> CITE CHABADA;CHABADA par MONPLAISIR;LORRAINE > CHABADA 1.1;2484;SCHWTZ-E;MIMOSAS;8671;47.481544,-0.52321186
268442166;269490955;2021-03-08T23:50:00+01:00;2021-03-08T23:50:00+01:00;2021-03-08T23:50:00+01:00;2021-03-08T23:50:00+01:00;T;2021-03-08T05:06:55+01:00;1S;SOIR LAC MAINE <> CITE CHABADA;CHABADA par MONPLAISIR;LORRAINE > CHABADA 1.1;2928;DUNAN;DUNANT;19081;47.483494,-0.52554723
268442171;269490960;2021-03-08T23:54:04+01:00;2021-03-08T23:54:04+01:00;2021-03-08T23:54:04+01:00;2021-03-08T23:54:04+01:00;T;2021-03-08T05:06:55+01:00;1S;SOIR LAC MAINE <> CITE CHABADA;CHABADA par MONPLAISIR;LORRAINE > CHABADA 1.1;4103;AUVERG-E;AUVERGNE;3123;47.490176,-0.53012935
268442193;269527045;2021-03-08T00:24:00+01:00;2021-03-08T00:24:00+01:00;2021-03-08T00:24:00+01:00;2021-03-08T00:24:00+01:00;T;2021-03-08T05:06:55+01:00;1S;SOIR LAC MAINE <> CITE CHABADA;L'HOIRIE par BELLE BEILLE;FOCH > L'HOIRIE 9.0;1134;BREMON-E;GARES BREMONT;25430;47.465975,-0.55935588
268442198;269527050;2021-03-08T00:28:03+01:00;2021-03-08T00:28:03+01:00;2021-03-08T00:28:03+01:00;2021-03-08T00:28:03+01:00;T;2021-03-08T05:06:55+01:00;1S;SOIR LAC MAINE <> CITE CHABADA;L'HOIRIE par BELLE BEILLE;FOCH > L'HOIRIE 9.0;2369;POISSO-E;COEUR DE MAINE;16364;47.472555,-0.55680643
268442203;269527055;2021-03-08T00:35:00+01:00;2021-03-08T00:35:00+01:00;2021-03-08T00:35:00+01:00;2021-03-08T00:35:00+01:00;T;2021-03-08T05:06:55+01:00;1S;SOIR LAC MAINE <> CITE CHABADA;L'HOIRIE par BELLE BEILLE;FOCH > L'HOIRIE 9.0;4247;MONTES-E;MONTESQUIEU;16671;47.473785,-0.57920282
268442214;269527066;2021-03-08T00:45:59+01:00;2021-03-08T00:45:59+01:00;2021-03-08T00:45:59+01:00;2021-03-08T00:45:59+01:00;T;2021-03-08T05:06:55+01:00;1S;SOIR LAC MAINE <> CITE CHABADA;L'HOIRIE par BELLE BEILLE;FOCH > L'HOIRIE 9.0;8498;LEDENI-E;MAISON DU LAC;6895;47.466087,-0.59780281
268442220;269527072;2021-03-08T00:51:03+01:00;2021-03-08T00:51:03+01:00;2021-03-08T00:51:03+01:00;2021-03-08T00:51:03+01:00;T;2021-03-08T05:06:55+01:00;1S;SOIR LAC MAINE <> CITE CHABADA;L'HOIRIE par BELLE BEILLE;FOCH > L'HOIRIE 9.0;10346;WIGAN-E;WIGAN;16501;47.459487,-0.6081765
268442221;269527073;2021-03-08T00:52:04+01:00;2021-03-08T00:52:04+01:00;2021-03-08T00:52:04+01:00;2021-03-08T00:52:04+01:00;T;2021-03-08T05:06:55+01:00;1S;SOIR LAC MAINE <> CITE CHABADA;L'HOIRIE par BELLE BEILLE;FOCH > L'HOIRIE 9.0;10807;SHEAKS-E;SHAKESPEARE;14745;47.461921,-0.61262477
268442226;269539842;2021-03-08T01:14:00+01:00;2021-03-08T01:14:00+01:00;2021-03-08T01:14:00+01:00;2021-03-08T01:14:00+01:00;T;2021-03-08T05:06:55+01:00;1S;SOIR LAC MAINE <> CITE CHABADA;TEST NOIR;Rentrée L'Hoirie > CTB;9400;RDCTB;DEPOT C T B;26006;47.495794,-0.56873426
268442228;269540098;2021-03-08T21:10:00+01:00;2021-03-08T21:10:00+01:00;2021-03-08T21:10:00+01:00;2021-03-08T21:10:00+01:00;T;2021-03-08T05:06:55+01:00;1S;SOIR LAC MAINE <> CITE CHABADA;PAS EN SERVICE;Sortie CTB > La Cité Chabada;3600;CITESO-E;CITE LA SOLIDARITE;3002;47.488414,-0.53587722
268442229;269527553;2021-03-08T21:10:01+01:00;2021-03-08T21:10:01+01:00;2021-03-08T21:10:01+01:00;2021-03-08T21:10:01+01:00;T;2021-03-08T05:06:55+01:00;1S;SOIR LAC MAINE <> CITE CHABADA;L'HOIRIE par BELLE BEILLE;CHABADA > L'HOIRIE 9.0;0;CITESO-E;CITE LA SOLIDARITE;3002;47.488414,-0.53587722
268442234;269527558;2021-03-08T21:15:11+01:00;2021-03-08T21:15:11+01:00;2021-03-08T21:15:11+01:00;2021-03-08T21:15:11+01:00;T;2021-03-08T05:06:55+01:00;1S;SOIR LAC MAINE <> CITE CHABADA;L'HOIRIE par BELLE BEILLE;CHABADA > L'HOIRIE 9.0;1688;ALLONNEA;ALLONNEAU;16562;47.485115,-0.52697546
268442238;269527562;2021-03-08T21:19:00+01:00;2021-03-08T21:19:00+01:00;2021-03-08T21:19:00+01:00;2021-03-08T21:19:00+01:00;T;2021-03-08T05:06:55+01:00;1S;SOIR LAC MAINE <> CITE CHABADA;L'HOIRIE par BELLE BEILLE;CHABADA > L'HOIRIE 9.0;2791;MACE;MACE;23738;47.476611,-0.53270485
268442242;269527566;2021-03-08T21:23:25+01:00;2021-03-08T21:23:25+01:00;2021-03-08T21:23:25+01:00;2021-03-08T21:23:25+01:00;T;2021-03-08T05:06:55+01:00;1S;SOIR LAC MAINE <> CITE CHABADA;L'HOIRIE par BELLE BEILLE;CHABADA > L'HOIRIE 9.0;4024;MENDESFR;MENDES FRANCE;10353;47.472549,-0.54622575
268442244;269527568;2021-03-08T21:30:49+01:00;2021-03-08T21:30:49+01:00;2021-03-08T21:30:49+01:00;2021-03-08T21:30:49+01:00;T;2021-03-08T05:06:55+01:00;1S;SOIR LAC MAINE <> CITE CHABADA;L'HOIRIE par BELLE BEILLE;CHABADA > L'HOIRIE 9.0;4637;STAUBI-E;FOCH ST AUBIN;31700;47.468119,-0.55099029
268442250;269527574;2021-03-08T21:36:11+01:00;2021-03-08T21:36:11+01:00;2021-03-08T21:36:11+01:00;2021-03-08T21:36:11+01:00;T;2021-03-08T05:06:55+01:00;1S;SOIR LAC MAINE <> CITE CHABADA;L'HOIRIE par BELLE BEILLE;CHABADA > L'HOIRIE 9.0;6191;SAICROIX;SAINTE CROIX;18938;47.469963,-0.55428944
268442254;269527578;2021-03-08T21:39:58+01:00;2021-03-08T21:39:58+01:00;2021-03-08T21:39:58+01:00;2021-03-08T21:39:58+01:00;T;2021-03-08T05:06:55+01:00;1S;SOIR LAC MAINE <> CITE CHABADA;L'HOIRIE par BELLE BEILLE;CHABADA > L'HOIRIE 9.0;7223;TRINIT-E;TRINITE;29503;47.475156,-0.56185983
268442256;269527580;2021-03-08T21:43:11+01:00;2021-03-08T21:43:11+01:00;2021-03-08T21:43:11+01:00;2021-03-08T21:43:11+01:00;T;2021-03-08T05:06:55+01:00;1S;SOIR LAC MAINE <> CITE CHABADA;L'HOIRIE par BELLE BEILLE;CHABADA > L'HOIRIE 9.0;8150;SAJACQ-E;SAINT JACQUES;10642;47.473697,-0.57267966
268442257;269527581;2021-03-08T21:45:00+01:00;2021-03-08T21:45:00+01:00;2021-03-08T21:45:00+01:00;2021-03-08T21:45:00+01:00;T;2021-03-08T05:06:55+01:00;1S;SOIR LAC MAINE <> CITE CHABADA;L'HOIRIE par BELLE BEILLE;CHABADA > L'HOIRIE 9.0;8649;MONTES-E;MONTESQUIEU;16671;47.473785,-0.57920282
268442260;269527584;2021-03-08T21:48:04+01:00;2021-03-08T21:48:04+01:00;2021-03-08T21:48:04+01:00;2021-03-08T21:48:04+01:00;T;2021-03-08T05:06:55+01:00;1S;SOIR LAC MAINE <> CITE CHABADA;L'HOIRIE par BELLE BEILLE;CHABADA > L'HOIRIE 9.0;9703;BOISRA-E;BOISRAME;4209;47.478246,-0.5847047
268442262;269527586;2021-03-08T21:50:01+01:00;2021-03-08T21:50:01+01:00;2021-03-08T21:50:01+01:00;2021-03-08T21:50:01+01:00;T;2021-03-08T05:06:55+01:00;1S;SOIR LAC MAINE <> CITE CHABADA;L'HOIRIE par BELLE BEILLE;CHABADA > L'HOIRIE 9.0;10529;MAETUD-E;POLYTECH ANGERS;25699;47.480651,-0.59459561
268442270;269527594;2021-03-08T21:58:03+01:00;2021-03-08T21:58:03+01:00;2021-03-08T21:58:03+01:00;2021-03-08T21:58:03+01:00;T;2021-03-08T05:06:55+01:00;1S;SOIR LAC MAINE <> CITE CHABADA;L'HOIRIE par BELLE BEILLE;CHABADA > L'HOIRIE 9.0;13333;LACACC-E;MAISON ENVIRONNEMENT;16598;47.464033,-0.59433147
268442281;269491459;2021-03-08T22:09:31+01:00;2021-03-08T22:09:31+01:00;2021-03-08T22:09:31+01:00;2021-03-08T22:09:31+01:00;T;2021-03-08T05:06:55+01:00;1S;SOIR LAC MAINE <> CITE CHABADA;CHABADA par MONPLAISIR;L'HOIRIE > CHABADA 1.1;1057;SEURAT;C.C. MOLLIERE;8147;47.460887,-0.61719965
268442283;269491461;2021-03-08T22:10:42+01:00;2021-03-08T22:10:42+01:00;2021-03-08T22:10:42+01:00;2021-03-08T22:10:42+01:00;T;2021-03-08T05:06:55+01:00;1S;SOIR LAC MAINE <> CITE CHABADA;CHABADA par MONPLAISIR;L'HOIRIE > CHABADA 1.1;1604;SHEAKSPE;SHAKESPEARE;15855;47.461844,-0.612501
268442284;269491462;2021-03-08T22:11:25+01:00;2021-03-08T22:11:25+01:00;2021-03-08T22:11:25+01:00;2021-03-08T22:11:25+01:00;T;2021-03-08T05:06:55+01:00;1S;SOIR LAC MAINE <> CITE CHABADA;CHABADA par MONPLAISIR;L'HOIRIE > CHABADA 1.1;2055;WIGAN;WIGAN;15554;47.459416,-0.60815927
268442285;269491463;2021-03-08T22:12:00+01:00;2021-03-08T22:12:00+01:00;2021-03-08T22:12:00+01:00;2021-03-08T22:12:00+01:00;T;2021-03-08T05:06:55+01:00;1S;SOIR LAC MAINE <> CITE CHABADA;CHABADA par MONPLAISIR;L'HOIRIE > CHABADA 1.1;2266;GRESILLE;GRESILLE;20154;47.459644,-0.60555723
268442292;269491470;2021-03-08T22:18:00+01:00;2021-03-08T22:18:00+01:00;2021-03-08T22:18:00+01:00;2021-03-08T22:18:00+01:00;T;2021-03-08T05:06:55+01:00;1S;SOIR LAC MAINE <> CITE CHABADA;CHABADA par MONPLAISIR;L'HOIRIE > CHABADA 1.1;5161;CNFPT;C N F P T;22225;47.472365,-0.59976833
268442299;269491477;2021-03-08T22:25:06+01:00;2021-03-08T22:25:06+01:00;2021-03-08T22:25:06+01:00;2021-03-08T22:25:06+01:00;T;2021-03-08T05:06:55+01:00;1S;SOIR LAC MAINE <> CITE CHABADA;CHABADA par MONPLAISIR;L'HOIRIE > CHABADA 1.1;7335;CHBBEILL;CHAPELLE BELLEBEILLE;21074;47.475788,-0.58613649
268442301;269491479;2021-03-08T22:27:00+01:00;2021-03-08T22:27:00+01:00;2021-03-08T22:27:00+01:00;2021-03-08T22:27:00+01:00;T;2021-03-08T05:06:55+01:00;1S;SOIR LAC MAINE <> CITE CHABADA;CHABADA par MONPLAISIR;L'HOIRIE > CHABADA 1.1;8005;MONTESQU;MONTESQUIEU;27063;47.473594,-0.58070579
268442307;269491485;2021-03-08T22:35:03+01:00;2021-03-08T22:35:03+01:00;2021-03-08T22:35:03+01:00;2021-03-08T22:35:03+01:00;T;2021-03-08T05:06:55+01:00;1S;SOIR LAC MAINE <> CITE CHABADA;CHABADA par MONPLAISIR;L'HOIRIE > CHABADA 1.1;9984;POISSONN;COEUR DE MAINE;29689;47.472349,-0.55712711
268442309;269491487;2021-03-08T22:37:03+01:00;2021-03-08T22:37:03+01:00;2021-03-08T22:37:03+01:00;2021-03-08T22:37:03+01:00;T;2021-03-08T05:06:55+01:00;1S;SOIR LAC MAINE <> CITE CHABADA;CHABADA par MONPLAISIR;L'HOIRIE > CHABADA 1.1;10508;SAICRO-E;SAINTE CROIX;20081;47.469875,-0.55492185
268442325;269491503;2021-03-08T22:57:25+01:00;2021-03-08T22:57:25+01:00;2021-03-08T22:57:25+01:00;2021-03-08T22:57:25+01:00;T;2021-03-08T05:06:55+01:00;1S;SOIR LAC MAINE <> CITE CHABADA;CHABADA par MONPLAISIR;L'HOIRIE > CHABADA 1.1;14436;BRISEP-E;BRISEPOTIERE;3496;47.479392,-0.52727843
268442327;269491505;2021-03-08T23:00:00+01:00;2021-03-08T23:00:00+01:00;2021-03-08T23:00:00+01:00;2021-03-08T23:00:00+01:00;T;2021-03-08T05:06:55+01:00;1S;SOIR LAC MAINE <> CITE CHABADA;CHABADA par MONPLAISIR;L'HOIRIE > CHABADA 1.1;15283;DUNAN;DUNANT;19081;47.483494,-0.52554723
268442329;269491507;2021-03-08T23:01:35+01:00;2021-03-08T23:01:35+01:00;2021-03-08T23:01:35+01:00;2021-03-08T23:01:35+01:00;T;2021-03-08T05:06:55+01:00;1S;SOIR LAC MAINE <> CITE CHABADA;CHABADA par MONPLAISIR;L'HOIRIE > CHABADA 1.1;15765;VOLTAIR;VOLTAIRE;10823;47.484835,-0.53136876
268442333;269491511;2021-03-08T23:05:02+01:00;2021-03-08T23:05:02+01:00;2021-03-08T23:05:02+01:00;2021-03-08T23:05:02+01:00;T;2021-03-08T05:06:55+01:00;1S;SOIR LAC MAINE <> CITE CHABADA;CHABADA par MONPLAISIR;L'HOIRIE > CHABADA 1.1;16828;DOYENNE;DOYENNE;24995;47.490566,-0.53256721
268442336;269528578;2021-03-08T23:08:01+01:00;2021-03-08T23:08:01+01:00;2021-03-08T23:08:01+01:00;2021-03-08T23:08:01+01:00;T;2021-03-08T05:06:55+01:00;1S;SOIR LAC MAINE <> CITE CHABADA;L'HOIRIE par BELLE BEILLE;CHABADA > FOCH 9.0;369;DOYENN-E;DOYENNE;10951;47.490646,-0.53222628
268442337;269528579;2021-03-08T23:09:12+01:00;2021-03-08T23:09:12+01:00;2021-03-08T23:09:12+01:00;2021-03-08T23:09:12+01:00;T;2021-03-08T05:06:55+01:00;1S;SOIR LAC MAINE <> CITE CHABADA;L'HOIRIE par BELLE BEILLE;CHABADA > FOCH 9.0;795;AUVERGNE;AUVERGNE;2306;47.489521,-0.53078459
268442343;269528585;2021-03-08T23:15:06+01:00;2021-03-08T23:15:06+01:00;2021-03-08T23:15:06+01:00;2021-03-08T23:15:06+01:00;T;2021-03-08T05:06:55+01:00;1S;SOIR LAC MAINE <> CITE CHABADA;L'HOIRIE par BELLE BEILLE;CHABADA > FOCH 9.0;2553;DESJARDI;DESJARDINS;18446;47.477923,-0.53026627
268442349;269528591;2021-03-08T23:22:00+01:00;2021-03-08T23:22:00+01:00;2021-03-08T23:22:00+01:00;2021-03-08T23:22:00+01:00;T;2021-03-08T05:06:55+01:00;1S;SOIR LAC MAINE <> CITE CHABADA;L'HOIRIE par BELLE BEILLE;CHABADA > FOCH 9.0;4402;FO-LOR-R;FOCH MAISON BLEUE;170;47.469665,-0.54891037
268442357;269527048;2021-03-08T23:46:11+01:00;2021-03-08T23:46:11+01:00;2021-03-08T23:46:11+01:00;2021-03-08T23:46:11+01:00;T;2021-03-08T05:06:55+01:00;1S;SOIR LAC MAINE <> CITE CHABADA;L'HOIRIE par BELLE BEILLE;FOCH > L'HOIRIE 9.0;1789;SAICROIX;SAINTE CROIX;18938;47.469963,-0.55428944
268442358;269527049;2021-03-08T23:47:00+01:00;2021-03-08T23:47:00+01:00;2021-03-08T23:47:00+01:00;2021-03-08T23:47:00+01:00;T;2021-03-08T05:06:55+01:00;1S;SOIR LAC MAINE <> CITE CHABADA;L'HOIRIE par BELLE BEILLE;FOCH > L'HOIRIE 9.0;2039;REPUBL-E;REPUBLIQUE;6777;47.4717,-0.55393238
268442361;269527052;2021-03-08T23:49:58+01:00;2021-03-08T23:49:58+01:00;2021-03-08T23:49:58+01:00;2021-03-08T23:49:58+01:00;T;2021-03-08T05:06:55+01:00;1S;SOIR LAC MAINE <> CITE CHABADA;L'HOIRIE par BELLE BEILLE;FOCH > L'HOIRIE 9.0;2821;TRINIT-E;TRINITE;29503;47.475156,-0.56185983
268442370;269527061;2021-03-08T00:00:59+01:00;2021-03-08T00:00:59+01:00;2021-03-08T00:00:59+01:00;2021-03-08T00:00:59+01:00;T;2021-03-08T05:06:55+01:00;1S;SOIR LAC MAINE <> CITE CHABADA;L'HOIRIE par BELLE BEILLE;FOCH > L'HOIRIE 9.0;6485;CITEUN-E;CITE UNIVERSITAIRE;27788;47.47867,-0.59819083
268442372;269527063;2021-03-08T00:02:17+01:00;2021-03-08T00:02:17+01:00;2021-03-08T00:02:17+01:00;2021-03-08T00:02:17+01:00;T;2021-03-08T05:06:55+01:00;1S;SOIR LAC MAINE <> CITE CHABADA;L'HOIRIE par BELLE BEILLE;FOCH > L'HOIRIE 9.0;6980;GAUBERT;GAUBERT supprimé;18121;47.474579,-0.5997842
268442374;269527065;2021-03-08T00:05:06+01:00;2021-03-08T00:05:06+01:00;2021-03-08T00:05:06+01:00;2021-03-08T00:05:06+01:00;T;2021-03-08T05:06:55+01:00;1S;SOIR LAC MAINE <> CITE CHABADA;L'HOIRIE par BELLE BEILLE;FOCH > L'HOIRIE 9.0;8213;JEAN M-E;JEAN MONNET;14704;47.465513,-0.6012887
268442380;269527071;2021-03-08T00:09:59+01:00;2021-03-08T00:09:59+01:00;2021-03-08T00:09:59+01:00;2021-03-08T00:09:59+01:00;T;2021-03-08T05:06:55+01:00;1S;SOIR LAC MAINE <> CITE CHABADA;L'HOIRIE par BELLE BEILLE;FOCH > L'HOIRIE 9.0;10081;GRES11-E;GRESILLE;15716;47.460033,-0.6051142
268442401;269491472;2021-03-08T00:27:25+01:00;2021-03-08T00:27:25+01:00;2021-03-08T00:27:25+01:00;2021-03-08T00:27:25+01:00;T;2021-03-08T05:06:55+01:00;1S;SOIR LAC MAINE <> CITE CHABADA;CHABADA par MONPLAISIR;L'HOIRIE > CHABADA 1.1;5736;ESCALAV;ESSCA;28477;47.477443,-0.5986808
268442409;269491480;2021-03-08T00:35:01+01:00;2021-03-08T00:35:01+01:00;2021-03-08T00:35:01+01:00;2021-03-08T00:35:01+01:00;T;2021-03-08T05:06:55+01:00;1S;SOIR LAC MAINE <> CITE CHABADA;CHABADA par MONPLAISIR;L'HOIRIE > CHABADA 1.1;8192;STNICOLA;ST NICOLAS;31139;47.473682,-0.57792273
268442415;269491486;2021-03-08T00:42:01+01:00;2021-03-08T00:42:01+01:00;2021-03-08T00:42:01+01:00;2021-03-08T00:42:01+01:00;T;2021-03-08T05:06:55+01:00;1S;SOIR LAC MAINE <> CITE CHABADA;CHABADA par MONPLAISIR;L'HOIRIE > CHABADA 1.1;10270;REPUBLIQ;REPUBLIQUE;30691;47.471068,-0.55400428
268442424;269491495;2021-03-08T00:50:00+01:00;2021-03-08T00:55:00+01:00;2021-03-08T00:50:00+01:00;2021-03-08T00:55:00+01:00;T;2021-03-08T05:06:55+01:00;1S;SOIR LAC MAINE <> CITE CHABADA;CHABADA par MONPLAISIR;L'HOIRIE > CHABADA 1.1;12355;LOR-FO-A;LORRAINE MAISONBLEUE;3039;47.469637,-0.54859027
268442445;269509378;2021-03-08T21:23:00+01:00;2021-03-08T21:23:00+01:00;2021-03-08T21:23:00+01:00;2021-03-08T21:23:00+01:00;T;2021-03-08T05:06:55+01:00;1S;SOIR LAC MAINE <> CITE CHABADA;PAS EN SERVICE;Sortie CTB > L'Hoirie;9400;LHOIRI11;L'HOIRIE;32088;47.467078,-0.61832618
268442451;269491462;2021-03-08T21:26:25+01:00;2021-03-08T21:26:25+01:00;2021-03-08T21:26:25+01:00;2021-03-08T21:26:25+01:00;T;2021-03-08T05:06:55+01:00;1S;SOIR LAC MAINE <> CITE CHABADA;CHABADA par MONPLAISIR;L'HOIRIE > CHABADA 1.1;2055;WIGAN;WIGAN;15554;47.459416,-0.60815927
268442460;269491471;2021-03-08T21:34:10+01:00;2021-03-08T21:34:10+01:00;2021-03-08T21:34:10+01:00;2021-03-08T21:34:10+01:00;T;2021-03-08T05:06:55+01:00;1S;SOIR LAC MAINE <> CITE CHABADA;CHABADA par MONPLAISIR;L'HOIRIE > CHABADA 1.1;5491;GAUBER-E;GAUBERT supprimé;12547;47.475353,-0.5994286
268442468;269491479;2021-03-08T21:42:00+01:00;2021-03-08T21:42:00+01:00;2021-03-08T21:42:00+01:00;2021-03-08T21:42:00+01:00;T;2021-03-08T05:06:55+01:00;1S;SOIR LAC MAINE <> CITE CHABADA;CHABADA par MONPLAISIR;L'HOIRIE > CHABADA 1.1;8005;MONTESQU;MONTESQUIEU;27063;47.473594,-0.58070579
268442469;269491480;2021-03-08T21:43:15+01:00;2021-03-08T21:43:15+01:00;2021-03-08T21:43:15+01:00;2021-03-08T21:43:15+01:00;T;2021-03-08T05:06:55+01:00;1S;SOIR LAC MAINE <> CITE CHABADA;CHABADA par MONPLAISIR;L'HOIRIE > CHABADA 1.1;8192;STNICOLA;ST NICOLAS;31139;47.473682,-0.57792273
268442482;269491493;2021-03-08T21:58:15+01:00;2021-03-08T21:58:15+01:00;2021-03-08T21:58:15+01:00;2021-03-08T21:58:15+01:00;T;2021-03-08T05:06:55+01:00;1S;SOIR LAC MAINE <> CITE CHABADA;CHABADA par MONPLAISIR;L'HOIRIE > CHABADA 1.1;11975;HARAS;FOCH HARAS;20835;47.467059,-0.55199472
268442490;269491501;2021-03-08T22:10:45+01:00;2021-03-08T22:10:45+01:00;2021-03-08T22:10:45+01:00;2021-03-08T22:10:45+01:00;T;2021-03-08T05:06:55+01:00;1S;SOIR LAC MAINE <> CITE CHABADA;CHABADA par MONPLAISIR;L'HOIRIE > CHABADA 1.1;14014;MACE  -E;MACE;24326;47.477058,-0.53175974
268442492;269491503;2021-03-08T22:12:25+01:00;2021-03-08T22:12:25+01:00;2021-03-08T22:12:25+01:00;2021-03-08T22:12:25+01:00;T;2021-03-08T05:06:55+01:00;1S;SOIR LAC MAINE <> CITE CHABADA;CHABADA par MONPLAISIR;L'HOIRIE > CHABADA 1.1;14436;BRISEP-E;BRISEPOTIERE;3496;47.479392,-0.52727843
268442505;269528580;2021-03-08T22:25:04+01:00;2021-03-08T22:25:04+01:00;2021-03-08T22:25:04+01:00;2021-03-08T22:25:04+01:00;T;2021-03-08T05:06:55+01:00;1S;SOIR LAC MAINE <> CITE CHABADA;L'HOIRIE par BELLE BEILLE;CHABADA > FOCH 9.0;1002;NOZAY;NOZAY;32625;47.487743,-0.53204331
268442508;269528583;2021-03-08T22:28:00+01:00;2021-03-08T22:28:00+01:00;2021-03-08T22:28:00+01:00;2021-03-08T22:28:00+01:00;T;2021-03-08T05:06:55+01:00;1S;SOIR LAC MAINE <> CITE CHABADA;L'HOIRIE par BELLE BEILLE;CHABADA > FOCH 9.0;1951;VAUGAREA;VAUGAREAU;31184;47.482726,-0.52674079
268442515;269528590;2021-03-08T22:35:25+01:00;2021-03-08T22:35:25+01:00;2021-03-08T22:35:25+01:00;2021-03-08T22:35:25+01:00;T;2021-03-08T05:06:55+01:00;1S;SOIR LAC MAINE <> CITE CHABADA;L'HOIRIE par BELLE BEILLE;CHABADA > FOCH 9.0;4024;MENDESFR;MENDES FRANCE;10353;47.472549,-0.54622575
268442526;269527050;2021-03-08T23:08:04+01:00;2021-03-08T23:08:04+01:00;2021-03-08T23:08:04+01:00;2021-03-08T23:08:04+01:00;T;2021-03-08T05:06:55+01:00;1S;SOIR LAC MAINE <> CITE CHABADA;L'HOIRIE par BELLE BEILLE;FOCH > L'HOIRIE 9.0;2369;POISSO-E;COEUR DE MAINE;16364;47.472555,-0.55680643
268442529;269527053;2021-03-08T23:11:00+01:00;2021-03-08T23:11:00+01:00;2021-03-08T23:11:00+01:00;2021-03-08T23:11:00+01:00;T;2021-03-08T05:06:55+01:00;1S;SOIR LAC MAINE <> CITE CHABADA;L'HOIRIE par BELLE BEILLE;FOCH > L'HOIRIE 9.0;3282;MONPRO-E;MONPROFIT;29694;47.474307,-0.56665924
268442545;269527069;2021-03-08T23:29:00+01:00;2021-03-08T23:29:00+01:00;2021-03-08T23:29:00+01:00;2021-03-08T23:29:00+01:00;T;2021-03-08T05:06:55+01:00;1S;SOIR LAC MAINE <> CITE CHABADA;L'HOIRIE par BELLE BEILLE;FOCH > L'HOIRIE 9.0;9293;LACDMA-E;LAC DE MAINE NAUTIQ;27440;47.461074,-0.59635865
268442550;269527074;2021-03-08T23:33:54+01:00;2021-03-08T23:33:54+01:00;2021-03-08T23:33:54+01:00;2021-03-08T23:33:54+01:00;T;2021-03-08T05:06:55+01:00;1S;SOIR LAC MAINE <> CITE CHABADA;L'HOIRIE par BELLE BEILLE;FOCH > L'HOIRIE 9.0;11031;AQUITA-E;ALIENOR D'AQUITAINE;14482;47.463002,-0.6151003
268442551;269527075;2021-03-08T23:34:45+01:00;2021-03-08T23:34:45+01:00;2021-03-08T23:34:45+01:00;2021-03-08T23:34:45+01:00;T;2021-03-08T05:06:55+01:00;1S;SOIR LAC MAINE <> CITE CHABADA;L'HOIRIE par BELLE BEILLE;FOCH > L'HOIRIE 9.0;11396;SEURAT-E;C.C. MOLLIERE;30002;47.460735,-0.61748326
268442553;269491969;2021-03-08T23:37:00+01:00;2021-03-08T23:37:00+01:00;2021-03-08T23:37:00+01:00;2021-03-08T23:37:00+01:00;T;2021-03-08T05:06:55+01:00;1S;SOIR LAC MAINE <> CITE CHABADA;CHABADA par MONPLAISIR;L'HOIRIE > LORRAINE 9.0;0;LHOIRI11;L'HOIRIE;32088;47.467078,-0.61832618
268442558;269491974;2021-03-08T23:40:25+01:00;2021-03-08T23:40:25+01:00;2021-03-08T23:40:25+01:00;2021-03-08T23:40:25+01:00;T;2021-03-08T05:06:55+01:00;1S;SOIR LAC MAINE <> CITE CHABADA;CHABADA par MONPLAISIR;L'HOIRIE > LORRAINE 9.0;2055;WIGAN;WIGAN;15554;47.459416,-0.60815927
268442563;269491979;2021-03-08T23:44:03+01:00;2021-03-08T23:44:03+01:00;2021-03-08T23:44:03+01:00;2021-03-08T23:44:03+01:00;T;2021-03-08T05:06:55+01:00;1S;SOIR LAC MAINE <> CITE CHABADA;CHABADA par MONPLAISIR;L'HOIRIE > LORRAINE 9.0;3871;PERUSSAI;PERUSSAIE;3238;47.466024,-0.59637904
268442576;269491992;2021-03-08T23:57:00+01:00;2021-03-08T23:57:00+01:00;2021-03-08T23:57:00+01:00;2021-03-08T23:57:00+01:00;T;2021-03-08T05:06:55+01:00;1S;SOIR LAC MAINE <> CITE CHABADA;CHABADA par MONPLAISIR;L'HOIRIE > LORRAINE 9.0;8192;STNICOLA;ST NICOLAS;31139;47.473682,-0.57792273
268442582;269491998;2021-03-08T00:04:00+01:00;2021-03-08T00:04:00+01:00;2021-03-08T00:04:00+01:00;2021-03-08T00:04:00+01:00;T;2021-03-08T05:06:55+01:00;1S;SOIR LAC MAINE <> CITE CHABADA;CHABADA par MONPLAISIR;L'HOIRIE > LORRAINE 9.0;10270;REPUBLIQ;REPUBLIQUE;30691;47.471068,-0.55400428
268442587;269492003;2021-03-08T00:08:01+01:00;2021-03-08T00:08:01+01:00;2021-03-08T00:08:01+01:00;2021-03-08T00:08:01+01:00;T;2021-03-08T05:06:55+01:00;1S;SOIR LAC MAINE <> CITE CHABADA;CHABADA par MONPLAISIR;L'HOIRIE > LORRAINE 9.0;11445;GAREPAPI;GARES PAPIN;16316;47.464954,-0.55770757
268442591;269492007;2021-03-08T00:11:59+01:00;2021-03-08T00:11:59+01:00;2021-03-08T00:11:59+01:00;2021-03-08T00:11:59+01:00;T;2021-03-08T05:06:55+01:00;1S;SOIR LAC MAINE <> CITE CHABADA;CHABADA par MONPLAISIR;L'HOIRIE > LORRAINE 9.0;12355;LOR-FO-A;LORRAINE MAISONBLEUE;3039;47.469637,-0.54859027
268442594;269490947;2021-03-08T00:22:02+01:00;2021-03-08T00:22:02+01:00;2021-03-08T00:22:02+01:00;2021-03-08T00:22:02+01:00;T;2021-03-08T05:06:55+01:00;1S;SOIR LAC MAINE <> CITE CHABADA;CHABADA par MONPLAISIR;LORRAINE > CHABADA 1.1;445;MENDES-E;MENDES FRANCE;25308;47.472942,-0.54563635
268442599;269490952;2021-03-08T00:26:33+01:00;2021-03-08T00:26:33+01:00;2021-03-08T00:26:33+01:00;2021-03-08T00:26:33+01:00;T;2021-03-08T05:06:55+01:00;1S;SOIR LAC MAINE <> CITE CHABADA;CHABADA par MONPLAISIR;LORRAINE > CHABADA 1.1;1812;DESJAR-E;DESJARDINS;8104;47.477889,-0.53015827
268442606;269490959;2021-03-08T00:33:07+01:00;2021-03-08T00:33:07+01:00;2021-03-08T00:33:07+01:00;2021-03-08T00:33:07+01:00;T;2021-03-08T05:06:55+01:00;1S;SOIR LAC MAINE <> CITE CHABADA;CHABADA par MONPLAISIR;LORRAINE > CHABADA 1.1;3782;NOZAY -E;NOZAY;837;47.487682,-0.53197362
268442607;269490960;2021-03-08T00:34:04+01:00;2021-03-08T00:34:04+01:00;2021-03-08T00:34:04+01:00;2021-03-08T00:34:04+01:00;T;2021-03-08T05:06:55+01:00;1S;SOIR LAC MAINE <> CITE CHABADA;CHABADA par MONPLAISIR;LORRAINE > CHABADA 1.1;4103;AUVERG-E;AUVERGNE;3123;47.490176,-0.53012935
268442610;269527553;2021-03-08T00:37:00+01:00;2021-03-08T00:37:00+01:00;2021-03-08T00:37:00+01:00;2021-03-08T00:37:00+01:00;T;2021-03-08T05:06:55+01:00;1S;SOIR LAC MAINE <> CITE CHABADA;L